路号,路段起点,路段终点,2020,2021,2022,2023,2024,技术等级,面层类型,车道数量,路基宽度,路面宽度,面层厚度,"修建
年度","改建
年度","养护里程
（公里）","已绿化里程
（公里）",高边坡数量,高边坡长度,涵洞数量
G219,5731,5732,91.56928648,78.19396392,5.41,71.88413273,72.59,3,1,2,7.5,6.5,5,2009,2019,29.408,28,3,852,91
G219,5732,5733,90.51768442,75.65729571,71.24,73.4,83.04,3,1,2,7.5,6.5,5,2009,2019,29.408,28,3,852,91
G219,5733,5734,90.26524515,75.33619819,80.32,82.17,87.34,3,1,2,7.5,6.5,5,2009,2019,29.408,28,3,852,91
G219,5734,5735,90.68770459,78.21233834,83.41,85.01,88.56,3,1,2,7.5,6.5,5,2009,2019,29.408,28,3,852,91
G219,5735,5736,91.63436143,81.16906377,86.44,88.57,85.28,3,1,2,7.5,6.5,5,2009,2019,29.408,28,3,852,91
G219,5736,5737,91.69783378,79.98386289,84.47,88.95,84.46,3,1,2,7.5,6.5,5,2009,2019,29.408,28,3,852,91
G219,5737,5738,90.9234331,75.68180074,80.83,87.43,82.8,3,1,2,7.5,6.5,5,2009,2019,29.408,28,3,852,91
G219,5738,5739,90.29041747,70.89579029,80.04,85.6,70.59,3,1,2,7.5,6.5,5,2009,2019,29.408,28,3,852,91
G219,5739,5740,88.062999,65.35344423,44.15,83.64,56.91,3,1,2,7.5,6.5,5,2009,2019,29.408,28,3,852,91
G219,5740,5741,91.17485974,74.81225135,43.27,72.59,62.07,3,1,2,7.5,6.5,5,2009,2019,29.408,28,3,852,91
G219,5741,5742,86.75339435,57.77148089,45.17,58.91,55.76,3,1,2,7.5,6.5,5,2009,2019,29.408,28,3,852,91
G219,5742,5743,89.30047293,63.37972128,35.06,63.64,75.38,3,1,2,7.5,6.5,5,2009,2019,29.408,28,3,852,91
G219,5743,5744,88.52880159,62.44053475,64.17,58.25,84.46,3,1,2,7.5,6.5,5,2009,2019,29.408,28,3,852,91
G219,5744,5745,91.06643255,74.62854714,81.53,77.86,78.47,3,1,2,7.5,6.5,5,2009,2019,29.408,28,3,852,91
G219,5745,5746,90.74431345,75.4374451,72.21,85.07,77.67,3,1,2,7.5,6.5,5,2009,2019,29.408,28,3,852,91
G219,5746,5747,91.15780071,76.37694737,69.85,80.49,66.98,3,1,2,7.5,6.5,5,2009,2019,29.408,28,3,852,91
G219,5747,5748,91.01674468,74.74147863,53.15,80.31,77.27,3,1,2,7.5,6.5,5,2009,2019,29.408,28,3,852,91
G219,5748,5749,89.26374301,64.38215903,61.02,67.88,64.76,3,1,2,7.5,6.5,5,2009,2019,29.408,28,3,852,91
G219,5749,5750,90.85521155,75.52575085,53.58,79.62,81.7,3,1,2,7.5,6.5,5,2009,2019,29.408,28,3,852,91
G219,5750,5751,88.69853893,64.78465456,71.13,66.94,79.33,3,1,2,7.5,6.5,5,2009,2019,29.408,28,3,852,91
G219,5751,5752,90.98902525,75.20600684,52.98,82.82,79.71,3,1,2,7.5,6.5,5,2009,2019,29.408,28,3,852,91
G219,5752,5753,91.00968269,75.86567792,60.34,79.9,79.9,3,1,2,7.5,6.5,5,2009,2019,29.408,28,3,852,91
G219,5753,5754,91.26047922,77.38224261,68.57,81.37,78.27,3,1,2,7.5,6.5,5,2009,2019,29.408,28,3,852,91
G219,5754,5755,91.26047922,77.27924254,69.1,81.59,74.95,3,1,2,7.5,6.5,5,2009,2019,29.408,28,3,852,91
G219,5755,5756,90.16048812,71.62307928,67.88,79.32,70.71,3,1,2,7.5,6.5,5,2009,2019,29.408,28,3,852,91
G219,5756,5757,91.19538975,74.95763853,53.41,76.64,66.33,3,1,2,7.5,6.5,5,2009,2019,29.408,28,3,852,91
G219,5757,5758,88.6403232,65.87632671,45.43,73.36,72.24,3,1,2,7.5,6.5,5,2009,2019,29.408,28,3,852,91
G219,5758,5759,89.11459789,65.94449841,47.59,68.51,80.72,3,1,2,7.5,6.5,5,2009,2019,29.408,28,3,852,91
G219,5759,5760,91.26047922,77.3553899,67.14,73.85,75.16,3,1,2,7.5,6.5,5,2009,2019,29.408,28,3,852,91
G219,5760,5761,89.52605161,76.65247072,74.5,81.14,67.62,3,1,2,7.5,6.5,5,2009,2019,21.615,20,0,0,78
G219,5761,5762,89.1003402,72.64228831,55.96,76.84,56.05,3,1,2,7.5,6.5,5,2009,2019,21.615,20,0,0,78
G219,5762,5763,88.89605662,66.3100971,51.65,69.18,63.02,3,1,2,7.5,6.5,5,2009,2019,21.615,20,0,0,78
G219,5763,5764,87.3648027,59.11999673,41.74,57.34,80.45,3,1,2,7.5,6.5,5,2009,2019,21.615,20,0,0,78
G219,5764,5765,88.107759,64.7730504,61.57,64.01,75.81,3,1,2,7.5,6.5,5,2009,2019,21.615,20,0,0,78
G219,5765,5766,89.95183735,76.88718799,61.1,81.23,66.07,3,1,2,7.5,6.5,5,2009,2019,21.615,20,0,0,78
G219,5766,5767,88.24640677,70.42808641,72.47,78.22,71.3,3,1,2,7.5,6.5,5,2009,2019,21.615,20,0,0,78
G219,5767,5768,87.27269999,59.98046048,73.27,68.2,74.18,3,1,2,7.5,6.5,5,2009,2019,21.615,20,0,0,78
G219,5768,5769,88.97196636,72.89674892,75.97,73.33,72.71,3,1,2,7.5,6.5,5,2009,2019,21.615,20,0,0,78
G219,5769,5770,88.79927095,73.15241754,65.2,75.71,70.22,3,1,2,7.5,6.5,5,2009,2019,21.615,20,0,0,78
G219,5770,5771,89.5910017,77.76414541,55.07,75,83.04,3,1,2,7.5,6.5,5,2009,2019,21.615,20,0,0,78
G219,5771,5772,89.66424007,77.60641055,56.18,72.92,84.23,3,1,2,7.5,6.5,5,2009,2019,21.615,20,0,0,78
G219,5772,5773,89.54796538,80.11205156,63.17,84.23,86.07,3,1,2,7.5,6.5,5,2009,2019,21.615,20,0,0,78
G219,5773,5774,89.38461833,77.63270664,55.13,84.92,85.36,3,1,2,7.5,6.5,5,2009,2019,21.615,20,0,0,78
G219,5774,5775,89.06602715,79.29662841,71.54,86.73,86.41,3,1,2,7.5,6.5,5,2009,2019,21.615,20,0,0,78
G219,5775,5776,88.86332751,76.0050992,75.98,86.12,83.45,3,1,2,7.5,6.5,5,2009,2019,21.615,20,0,0,78
G219,5776,5777,88.99562805,77.95250056,71.48,88.36,87.78,3,1,2,7.5,6.5,5,2009,2019,21.615,20,0,0,78
G219,5777,5778,89.61820978,79.89490393,67.48,85.63,84.92,3,1,2,7.5,6.5,5,2009,2019,21.615,20,0,0,78
G219,5778,5779,90.22235045,79.48435579,68.5,90.06,82.96,3,1,2,7.5,6.5,5,2009,2019,21.615,20,0,0,78
G219,5779,5780,89.96376606,76.72884853,80.63,85.56,67.74,3,1,2,7.5,6.5,5,2009,2019,21.615,20,0,0,78
G219,5780,5781,88.95976475,74.05965574,76.07,84.13,76.75,3,1,2,7.5,6.5,5,2009,2019,21.615,20,0,0,78
G219,5781,5782,87.31813396,64.61948635,72.36,69.6,87.65,3,1,2,7.5,6.5,5,2009,2019,21.615,20,0,0,78
G219,5782,5783,89.07242696,74.38348131,42.27,79.42,91.37,3,1,2,7,6.5,5,2009,,4.185,4.185,0,0,7
G219,5783,5784,95.3,92.16,55.38,88.79,91.47,3,1,2,7,6.5,5,2009,,4.185,4.185,0,0,7
G219,5784,5785,94.4,90.61,66.5,93.02,87.34,3,1,2,7,6.5,5,2009,,4.185,4.185,0,0,7
G219,5785,5786,93,86.75,88.79,92.46,87.01,3,1,2,7,6.5,5,2009,,4.185,4.185,0,0,7
G219,5786,5787,93.4,90.36,88.75,88.62,90.31,3,1,2,7,6.5,5,2009,,18.525,18.442,9,1117,42
G219,5787,5788,92.5,89.03,83.19,91.91,90.81,3,1,2,7,6.5,5,2009,,18.525,18.442,9,1117,42
G219,5788,5789,93.9,91.6,83.53,89.73,90.95,3,1,2,7,6.5,5,2009,,18.525,18.442,9,1117,42
G219,5789,5790,91.3,91.14,83.37,92.06,90.86,3,1,2,7,6.5,5,2009,,18.525,18.442,9,1117,42
G219,5790,5791,91.3,90.65,85.65,92.17,86.41,3,1,2,7,6.5,5,2009,,18.525,18.442,9,1117,42
G219,5791,5792,89.9,85.06,87.33,91.88,86.55,3,1,2,7,6.5,5,2009,,18.525,18.442,9,1117,42
G219,5792,5793,92.8,87.65,80.35,87.8,82.04,3,1,2,7,6.5,5,2009,,18.525,18.442,9,1117,42
G219,5793,5794,86.6,81.78,77.68,87.72,86.75,3,1,2,7,6.5,5,2009,,18.525,18.442,9,1117,42
G219,5794,5795,89.5,88.68,74.5,82.62,87.78,3,1,2,7,6.5,5,2009,,18.525,18.442,9,1117,42
G219,5795,5796,83.2,81.57,74.14,87.35,81.26,3,1,2,7,6.5,5,2009,,18.525,18.442,9,1117,42
G219,5796,5797,88.1,83.13,77.47,88.22,87.96,3,1,2,7,6.5,5,2009,,18.525,18.442,9,1117,42
G219,5797,5798,92.9,88.33,48.01,83.37,86.95,3,1,2,7,6.5,5,2009,,18.525,18.442,9,1117,42
G219,5798,5799,91.8,86.75,79.5,88.68,90.91,3,1,2,7,6.5,5,2009,,18.525,18.442,9,1117,42
G219,5799,5800,93.5,89.19,78.26,88.13,89.85,3,1,2,7,6.5,5,2009,,18.525,18.442,9,1117,42
G219,5800,5801,93.2,89.08,83.06,91.61,90.95,3,1,2,7,6.5,5,2009,,18.525,18.442,9,1117,42
G219,5801,5802,93.5,89.95,80.28,90.57,79.81,3,1,2,7,6.5,5,2009,,18.525,18.442,9,1117,42
G219,5802,5803,89.9,74.84,84.64,91.9,88.09,3,1,2,7,6.5,5,2009,,18.525,18.442,9,1117,42
G219,5803,5804,91.6,82.47,67.91,80.96,88.15,3,1,2,7,6.5,5,2009,,18.525,18.442,9,1117,42
G219,5804,5805,92.3,89.98,80.42,87.87,88.02,3,1,2,7,6.5,5,2009,,24.532,24.464,7,1124,56
G219,5805,5806,91.4,89.19,73.8,88.41146185,91.47,3,1,2,7,6.5,5,2009,,24.532,24.464,7,1124,56
G219,5806,5807,94.4,91.42,78.29,89.28,86.68,3,1,2,7,6.5,5,2009,,24.532,24.464,7,1124,56
G219,5807,5808,91.3,86.88,84.34,92.48,79.33,3,1,2,7,6.5,5,2009,,24.532,24.464,7,1124,56
G219,5808,5809,90.2,78.76,82.92,88.21,90.06,3,1,2,7,6.5,5,2009,,24.532,24.464,7,1124,56
G219,5809,5810,94.1,90.16,64.75,81.78,90.06,3,1,2,7,6.5,5,2009,,24.532,24.464,7,1124,56
G219,5810,5811,93.6,87.21,83.24,90.25,82.21,3,1,2,7,6.5,5,2009,,24.532,24.464,7,1124,56
G219,5811,5812,92.4,86.61,86.86,90.78,88.27,3,1,2,7,6.5,5,2009,,24.532,24.464,7,1124,56
G219,5812,5813,90.2,87.21,76.48,84.33,87.27,3,1,2,7,6.5,5,2009,,24.532,24.464,7,1124,56
G219,5813,5814,94.2,89.19,83.53,89.76,81.7,3,1,2,7,6.5,5,2009,,24.532,24.464,7,1124,56
G219,5814,5815,86.8,73.28,76.72,89.29,78.85,3,1,2,7,6.5,5,2009,,24.532,24.464,7,1124,56
G219,5815,5816,86.6,78.56,67.03,82.45,84.69,3,1,2,7,6.5,5,2009,,24.532,24.464,7,1124,56
G219,5816,5817,91.2,87.78,62.87,80.65,87.9,3,1,2,7,6.5,5,2009,,24.532,24.464,7,1124,56
G219,5817,5818,92.1,89.25,77.67,85.84,79.81,3,1,2,7,6.5,5,2009,,24.532,24.464,7,1124,56
G219,5818,5819,87.4,77.97,81.89,89.82,75.49,3,1,2,7,6.5,5,2009,,24.532,24.464,7,1124,56
G219,5819,5820,82.4,77.16,75.36,80.57,87.4,3,1,2,7,6.5,5,2009,,24.532,24.464,7,1124,56
G219,5820,5821,91,88.51,52.37,77.29,84.92,3,1,2,7,6.5,5,2009,,24.532,24.464,7,1124,56
G219,5821,5822,88.5,88.85,80.3,88.5,87.21,3,1,2,7,6.5,5,2009,,24.532,24.464,7,1124,56
G219,5822,5823,92.8,87.59,82.92,86.5,81.17,3,1,2,7,6.5,5,2009,,24.532,24.464,7,1124,56
G219,5823,5824,84.1,80.81,79.13,87.95,89.69,3,1,2,7,6.5,5,2009,,24.532,24.464,7,1124,56
G219,5824,5825,89.6,90.71,56.53,83.69,88.68,3,1,2,7,6.5,5,2009,,24.532,24.464,7,1124,56
G219,5825,5826,92.5,89.79,85.34,91.27,89.19,3,1,2,7,6.5,5,2009,,24.532,24.464,7,1124,56
G219,5826,5827,93.3,89.9,84.36,90.61,85.57,3,1,2,7,6.5,5,2009,,24.532,24.464,7,1124,56
G219,5827,5828,91,82.63,86.43,91.07,85.5,3,1,2,7,6.5,5,2009,,24.532,24.464,7,1124,56
G219,5828,5829,87,82.72,76.26,87.75,88.21,3,1,2,7,6.5,5,2009,,24.532,24.464,7,1124,56
G219,5829,5830,91.1,88.15,63.19,87.42,87.34,3,1,2,7,6.5,5,2009,,28.374,28.266,18,1742,64
G219,5830,5831,89.7,83.85,72.63,90.61,79.81,3,1,2,7,6.5,5,2009,,28.374,28.266,18,1742,64
G219,5831,5832,90.1,76.86,83.51,88.06,87.08,3,1,2,7,6.5,5,2009,,28.374,28.266,18,1742,64
G219,5832,5833,87.9,82.88,73.04,80.87,85.64,3,1,2,7,6.5,5,2009,,28.374,28.266,18,1742,64
G219,5833,5834,89.3,77.97,64.66,87.91,83.37,3,1,2,7,6.5,5,2009,,28.374,28.266,18,1742,64
G219,5834,5835,92.7,82.21,71.57,86.1,86.2,3,1,2,7,6.5,5,2009,,28.374,28.266,18,1742,64
G219,5835,5836,90.5,82.3,69.44,84.61,88.27,3,1,2,7,6.5,5,2009,,28.374,28.266,18,1742,64
G219,5836,5837,94.1,73.5,77.8,87.11,76.13,3,1,2,7,6.5,5,2009,,28.374,28.266,18,1742,64
G219,5837,5838,91,31.99,74.81,89.61,81.87,3,1,2,7,6.5,5,2009,,28.374,28.266,18,1742,64
G219,5838,5839,91.1,28.44,75.46,77.75,86.14,3,1,2,7,6.5,5,2009,,28.374,28.266,18,1742,64
G219,5839,5840,92,54.62,63.13,83.41,86.41,3,1,2,7,6.5,5,2009,,28.374,28.266,18,1742,64
G219,5840,5841,91.6,52.45,66.96,88,85.79,3,1,2,7,6.5,5,2009,,28.374,28.266,18,1742,64
G219,5841,5842,92.9,45.79,80.92,88.09,88.56,3,1,2,7,6.5,5,2009,,28.374,28.266,18,1742,64
G219,5842,5843,95.1,80.63,75.15,87.94,81.61,3,1,2,7,6.5,5,2009,,28.374,28.266,18,1742,64
G219,5843,5844,92.7,70.71,74.23,90.17,86.48,3,1,2,7,6.5,5,2009,,28.374,28.266,18,1742,64
G219,5844,5845,94,72.36,77.15,82.53,91.42,3,1,2,7,6.5,5,2009,,28.374,28.266,18,1742,64
G219,5845,5846,96.6,87.14,65.45,87.1,91.73,3,1,2,7,6.5,5,2009,,28.374,28.266,18,1742,64
G219,5846,5847,96.6,79.05,84.01,91.59,92.61,3,1,2,7,6.5,5,2009,,28.374,28.266,18,1742,64
G219,5847,5848,96,79.14,91.79,92.87,87.84,3,1,2,7,6.5,5,2009,,28.374,28.266,18,1742,64
G219,5848,5849,94.6,41.1,92.11,93.69,88.02,3,1,2,7,6.5,5,2009,,28.374,28.266,18,1742,64
G219,5849,5850,95.1,72.82,87.68,89.63,92.41,3,1,2,7,6.5,5,2009,,28.374,28.266,18,1742,64
G219,5850,5851,96.1,84.54,81.73,89.88,88.62,3,1,2,7,6.5,5,2009,,28.374,28.266,18,1742,64
G219,5851,5852,93.9,67.11,87.16,93.11,90.95,3,1,2,7,6.5,5,2009,,28.374,28.266,18,1742,64
G219,5852,5853,95.6,83.69,87.6,90.32,90.56,3,1,2,7,6.5,5,2009,,28.374,28.266,18,1742,64
G219,5853,5854,94.6,78.95,78.96,91.93,77.57,3,1,2,7,6.5,5,2009,,28.374,28.266,18,1742,64
G219,5854,5855,89.3,48.97,87.83,91.16,70.1,3,1,2,7,6.5,5,2009,,28.374,28.266,18,1742,64
G219,5855,5856,86.2,49.12,77.63,78.51,94.02,3,1,2,7,6.5,5,2009,,28.374,28.266,18,1742,64
G219,5856,5857,96.3,90.76,58.33,71.4,93.72,3,1,2,7,6.5,5,2009,,28.374,28.266,18,1742,64
G219,5857,5858,96.7,88.39,69.09,94.39,88.56,3,1,2,7,6.5,5,2009,,17.75,17.543,6,344,50
G219,5858,5859,93.9,71.89,92.86,89.45226222,82.72,3,1,2,7,6.5,5,2009,,17.75,17.543,6,344,50
G219,5859,5860,95.9,86.34,89.07,91.41,88.21,3,1,2,7,6.5,5,2009,,17.75,17.543,6,344,50
G219,5860,5861,95.1,72.82,84.96,84.49,90.46,3,1,2,7,6.5,5,2009,,17.75,17.543,6,344,50
G219,5861,5862,94.9,68.62,82.06,89.86,90.76,3,1,2,7,6.5,5,2009,,17.75,17.543,6,344,50
G219,5862,5863,95.9,77.87,85.67,91,90.16,3,1,2,7,6.5,5,2009,,17.75,17.543,6,344,50
G219,5863,5864,95.1,85.21,88.51,92.71,93.07,3,1,2,7,6.5,5,2009,,17.75,17.543,6,344,50
G219,5864,5865,94.8,86.95,88.58,90.9,87.72,3,1,2,7,6.5,5,2009,,17.75,17.543,6,344,50
G219,5865,5866,94.3,81.44,88.34,93.83,89.74,3,1,2,7,6.5,5,2009,,17.75,17.543,6,344,50
G219,5866,5867,93.4,74.84,83.63,89.13,86.34,3,1,2,7,6.5,5,2009,,17.75,17.543,6,344,50
G219,5867,5868,94.1,84.39,82.44,90.31,91.24,3,1,2,7,6.5,5,2009,,17.75,17.543,6,344,50
G219,5868,5869,95.5,88.21,77.34,87.39,86.95,3,1,2,7,6.5,5,2009,,17.75,17.543,6,344,50
G219,5869,5870,92.2,81.96,90.16,92.31,80.18,3,1,2,7,6.5,5,2009,,17.75,17.543,6,344,50
G219,5870,5871,91.4,86.34,80.96,88.43,88.91,3,1,2,7,6.5,5,2009,,17.75,17.543,6,344,50
G219,5871,5872,92.8,89.63,79.78,81.83,90.21,3,1,2,7,6.5,5,2009,,17.75,17.543,6,344,50
G219,5872,5873,94.8,87.59,74.05,89.43,92.45,3,1,2,7,6.5,5,2009,,17.75,17.543,6,344,50
G219,5873,5874,94.9,87.27,87.16,90.26,90.36,3,1,2,7,6.5,5,2009,,17.75,17.543,6,344,50
G219,5874,5875,93.8,87.78,87.77,92.75,90.11,3,1,2,7,6.5,5,2009,,17.75,17.543,6,344,50
G219,5875,5876,95.5,89.9,87.08,90.44,91.51,3,1,2,7,6.5,5,2009,,24.757,23,0,0,70
G219,5876,5877,96.1,90.56,86.09,91.83,84.99,3,1,2,7,6.5,5,2009,,24.757,23,0,0,70
G219,5877,5878,90.9,79.02,90.45,93.68,91.82,3,1,2,7,6.5,5,2009,,24.757,23,0,0,70
G219,5878,5879,95,85.06,77.07,87.23,90.95,3,1,2,7,6.5,5,2009,,24.757,23,0,0,70
G219,5879,5880,95.4,85.93,86.22,91.97,85.57,3,1,2,7,6.5,5,2009,,24.757,23,0,0,70
G219,5880,5881,56.1,71.42,84.95,91.93,87.9,3,1,2,7,6.5,5,2009,,24.757,23,0,0,70
G219,5881,5882,94.2,88.91,78.75,86.08,90.81,3,1,2,7,6.5,5,2009,,24.757,23,0,0,70
G219,5882,5883,96,89.03,85.96,88.7,89.74,3,1,2,7,6.5,5,2009,,24.757,23,0,0,70
G219,5883,5884,94.8,86,88.32,92.26,92.77,3,1,2,7,6.5,5,2009,,24.757,23,0,0,70
G219,5884,5885,95.4,87.27,88.21,90.2,88.15,3,1,2,7,6.5,5,2009,,24.757,23,0,0,70
G219,5885,5886,93.1,74.73,88.32,93.21,88.51,3,1,2,7,6.5,5,2009,,24.757,23,0,0,70
G219,5886,5887,95.1,86.34,84.74,89.5,88.85,3,1,2,7,6.5,5,2009,,24.757,23,0,0,70
G219,5887,5888,94.8,91.33,85.55,90.7,89.85,3,1,2,7,6.5,5,2009,,24.757,23,0,0,70
G219,5888,5889,95.5,90.86,86.72,90.22,90.26,3,1,2,7,6.5,5,2009,,24.757,23,0,0,70
G219,5889,5890,95.6,90.11,89.03,90.55,90.51,3,1,2,7,6.5,5,2009,,24.757,23,0,0,70
G219,5890,5891,96,89.25,88.46,91.82,89.14,3,1,2,7,6.5,5,2009,,24.757,23,0,0,70
G219,5891,5892,95.6,91.73,90.95,90.94,91.47,3,1,2,7,6.5,5,2009,,24.757,23,0,0,70
G219,5892,5893,96.1,86.75,88.85,91.27,89.79,3,1,2,7,6.5,5,2009,,24.757,23,0,0,70
G219,5893,5894,95.7,82.13,90.41,92.74,89.85,3,1,2,7,6.5,5,2009,,24.757,23,0,0,70
G219,5894,5895,95.3,85.5,90.3,90.39,87.46,3,1,2,7,6.5,5,2009,,24.757,23,0,0,70
G219,5895,5896,93.8,79.9,84.94,90.36,91.6,3,1,2,7,6.5,5,2009,,24.757,23,0,0,70
G219,5896,5897,95.6,84.69,77.17,89.5,92.61,3,1,2,7,6.5,5,2009,,24.757,23,0,0,70
G219,5897,5898,95.8,86.07,88.16,92.68,92.29,3,1,2,7,6.5,5,2009,,24.757,23,0,0,70
G219,5898,5899,95.3,88.15,87.81,93.3,93.65,3,1,2,7,6.5,5,2009,,24.757,23,0,0,70
G219,5899,5900,95.1,75.06,90.95,93.52,90.71,3,1,2,7,6.5,5,2009,,24.757,23,0,0,70
G219,5900,5901,95.5,83.85,89.98,94.08,91.78,3,1,2,7,6,5,2009,,16.805,15.022,0,0,60
G219,5901,5902,94.8,77.37,86.9,92.69,89.79,3,1,2,7,6,5,2009,,16.805,15.022,0,0,60
G219,5902,5903,94.7,69,87.26,92.21,86.27,3,1,2,7,6,5,2009,,16.805,15.022,0,0,60
G219,5903,5904,89.28278185,76.75,82.55,90.52,92.33,3,1,2,7,6,5,2009,,16.805,15.022,0,0,60
G219,5904,5905,93.6,87.14,79.33,87.21,88.97,3,1,2,7,6,5,2009,,16.805,15.022,0,0,60
G219,5905,5906,92.2,81.96,89.68,92.48,90.21,3,1,2,7,6,5,2009,,16.805,15.022,0,0,60
G219,5906,5907,94,85.5,86.78,90.75,86.75,3,1,2,7,6,5,2009,,16.805,15.022,0,0,60
G219,5907,5908,22.9,71.78,88.91,92.2,90.95,3,1,2,7,6,5,2009,,16.805,15.022,0,0,60
G219,5908,5909,94.8,83.29,70.96,89.12,93.47,3,1,2,7,6,5,2009,,16.805,15.022,0,0,60
G219,5909,5910,94.7,86.55,89.24,92.94,93.58,3,1,2,7,6,5,2009,,16.805,15.022,0,0,60
G219,5910,5911,94,72.82,90.89,94.57,89.47,3,1,2,7,6,5,2009,,16.805,15.022,0,0,60
G219,5911,5912,91.9,76.75,88.01,94.12,89.63,3,1,2,7,6,5,2009,,16.805,15.022,0,0,60
G219,5912,5913,93.9,82.63,82.9,90.5,82.47,3,1,2,7,6,5,2009,,16.805,15.022,0,0,60
G219,5913,5914,85.1,58.32,85.44,91.52,87.01,3,1,2,7,6,5,2009,,16.805,15.022,0,0,60
G219,5914,5915,87.4,50.28,74.52,84.69,75.27,3,1,2,7,6,5,2009,,16.805,15.022,0,0,60
G219,5915,5916,83.8,46.37,77.47,88.76,79.81,3,1,2,7,6,5,2009,,16.805,15.022,0,0,60
G219,5916,5917,85.64407647,50.28,56.91,81.82,79.81,3,1,2,7,6.5,5,1971,2023,3.836,3.836,0,0,18
G219,5917,5918,80.3,71.3,73.23,71.55138093,81.87,3,1,2,7,6.5,5,1971,2023,3.836,3.836,0,0,18
G219,5918,5919,89.8,77.37,53.03,83.83,82.96,3,1,2,7,6.5,5,1971,2023,3.836,3.836,0,0,18
G219,5919,5920,92.3,84.54,49.63,83.64,84.16,3,1,2,7,6.5,5,1971,2023,3.836,3.836,0,0,18
G219,5920,5921,90.8,78.47,59.17,89.42,77.47,3,1,2,7,6,5,1971,2014,37.816,35.511,13,1740,169
G219,5921,5922,88.7,44.65,73.23,76.33448831,74.18,3,1,2,7,6,5,1971,2014,37.816,35.511,13,1740,169
G219,5922,5923,89.8,60.97,76.42,64,75.91,3,1,2,7,6,5,1971,2014,37.816,35.511,13,1740,169
G219,5923,5924,85.2,60.56,74.72,76.56,74.51,3,1,2,7,6,5,1971,2014,37.816,35.511,13,1740,169
G219,5924,5925,85.9,49.55,33.41,77.62,76.44,3,1,2,7,6,5,1971,2014,37.816,35.511,13,1740,169
G219,5925,5926,89.7,57.76,47.98,77.02,62.75,3,1,2,7,6,5,1971,2014,37.816,35.511,13,1740,169
G219,5926,5927,86.3,45.36,64.83,78.32,54.33,3,1,2,7,6,5,1971,2014,37.816,35.511,13,1740,169
G219,5927,5928,84.6,35.62,58.88,65.7,80.27,3,1,2,7,6,5,1971,2014,37.816,35.511,13,1740,169
G219,5928,5929,90.5,58.32,51.76,57.23,68.37,3,1,2,7,6,5,1971,2014,37.816,35.511,13,1740,169
G219,5929,5930,90.2,60.84,58.84,82.51,72.36,3,1,2,7,6,5,1971,2014,37.816,35.511,13,1740,169
G219,5930,5931,88.7,55.91,44.89,69.9,64.63,3,1,2,7,6,5,1971,2014,37.816,35.511,13,1740,169
G219,5931,5932,88.6,36.96,31.83,73.81,60.97,3,1,2,7,6,5,1971,2014,37.816,35.511,13,1740,169
G219,5932,5933,85.7,42.22,65.19,66.83,84.46,3,1,2,7,6,5,1971,2014,37.816,35.511,13,1740,169
G219,5933,5934,87.9,50.42,67.25,62.25,67.62,3,1,2,7,6,5,1971,2014,37.816,35.511,13,1740,169
G219,5934,5935,79,56.19,73.3,85.57,55.62,3,1,2,7,6,5,1971,2014,37.816,35.511,13,1740,169
G219,5935,5936,58.5,43.22,62.27,69.4,57.05,3,1,2,7,6,5,1971,2014,37.816,35.511,13,1740,169
G219,5936,5937,57.1,39.42,32.14,57.05,52.89,3,1,2,7,6,5,1971,2014,37.816,35.511,13,1740,169
G219,5937,5938,81.8,44.07,84.82,59.1,53.9,3,1,2,7,6,5,1971,2014,37.816,35.511,13,1740,169
G219,5938,5939,85.3,37.64,56.37,54.83,62.75,3,1,2,7,6,5,1971,2014,37.816,35.511,13,1740,169
G219,5939,5940,84.7,50.13,57.57,55.48,59.44,3,1,2,7,6,5,1971,2014,37.816,35.511,13,1740,169
G219,5940,5941,81.2,59.3,47.94,64.93,58.74,3,1,2,7,6,5,1971,2014,37.816,35.511,13,1740,169
G219,5941,5942,87.1,57.47,68.73,61.01,56.05,3,1,2,7,6,5,1971,2014,37.816,35.511,13,1740,169
G219,5942,5943,80.9,31.61,61.87,60.67,57.33,3,1,2,7,6,5,1971,2014,37.816,35.511,13,1740,169
G219,5943,5944,83.3,36.96,45.66,58.17,74.4,3,1,2,7,6,5,1971,2014,37.816,35.511,13,1740,169
G219,5944,5945,89.8,50.86,57.63,59.13,63.7,3,1,2,7,6,5,1971,2014,37.816,35.511,13,1740,169
G219,5945,5946,83.4,48.25,47.72,76.57,63.56,3,1,2,7,6,5,1971,2014,37.816,35.511,13,1740,169
G219,5946,5947,82.7,34.96,29.54,64.98,65.81,3,1,2,7,6,5,1971,2014,37.816,35.511,13,1740,169
G219,5947,5948,84.3,36.55,49.59,64.97,67.23,3,1,2,7,6,5,1971,2014,37.816,35.511,13,1740,169
G219,5948,5949,88.1,54.04,60.84,68.14,75.49,3,1,2,7,6,5,1971,2014,37.816,35.511,13,1740,169
G219,5949,5950,88.7,58.46,49.34,69.63,67.62,3,1,2,7,6,5,1971,2014,37.816,35.511,13,1740,169
G219,5950,5951,85.1,43.07,51.08,77.01,57.47,3,1,2,7,6,5,1971,2014,37.816,35.511,13,1740,169
G219,5951,5952,78.7,30.12,28.5,69.37,56.05,3,1,2,7,6,5,1971,2014,37.816,35.511,13,1740,169
G219,5952,5953,80.6,26.28,66.57,59.11,61.25,3,1,2,7,6,5,1971,2014,37.816,35.511,13,1740,169
G219,5953,5954,79.3,26.28,65.75,58.13,67.74,3,1,2,7,6,5,1971,2014,37.816,35.511,13,1740,169
G219,5954,5955,85.3,46.52,52.55,63.29,67.49,3,1,2,7,6,5,1971,2014,37.816,35.511,13,1740,169
G219,5955,5956,79.1,72.01,34.21,69.74,44.79,3,1,2,7,6,5,1971,2014,37.816,35.511,13,1740,169
G219,5956,5957,73.2,26.28,45.3,69.99,70.83,3,1,2,7,6,5,1971,2014,37.816,35.511,13,1740,169
G219,5957,5958,78.3,26.28,34.08,46.59,68.87,3,1,2,7,6,5,1971,2014,37.816,35.511,13,1740,169
G219,5958,5959,87.5,46.8,56.51,28.42,68.75,3,1,2,7,6,5,1971,2014,32.748,27.883,5,391,97
G219,5959,5960,86.94756885,48.45,33.12,54.80045775,34.69,3,1,2,7,6,5,1971,2014,32.748,27.883,5,391,97
G219,5960,5961,87.4,34.17,33.84,43.61,36.96,3,1,2,7,6,5,1971,2014,32.748,27.883,5,391,97
G219,5961,5962,71.8,29.64,16.59,36.09,34.3,3,1,2,7,6,5,1971,2014,32.748,27.883,5,391,97
G219,5962,5963,71.8,26.28,55.77,39.62,49.7,3,1,2,7,6,5,1971,2014,32.748,27.883,5,391,97
G219,5963,5964,78.1,30.74,17.02,35.64,69.61,3,1,2,7,6,5,1971,2014,32.748,27.883,5,391,97
G219,5964,5965,89.3,57.47,21.73,50.7,74.62,3,1,2,7,6,5,1971,2014,32.748,27.883,5,391,97
G219,5965,5966,86,52.96,16.8,72.15,64.1,3,1,2,7,6,5,1971,2014,32.748,27.883,5,391,97
G219,5966,5967,87.7,35.48,27.05,77.31,83.45,3,1,2,7,6,5,1971,2014,32.748,27.883,5,391,97
G219,5967,5968,93.2,78.85,36.57,66.07,81.08,3,1,2,7,6,5,1971,2014,32.748,27.883,5,391,97
G219,5968,5969,92,63.16,56.83,85.26,80.63,3,1,2,7,6,5,1971,2014,32.748,27.883,5,391,97
G219,5969,5970,82.5,47.24,44.54,83.14,85.93,3,1,2,7,6,5,1971,2014,32.748,27.883,5,391,97
G219,5970,5971,92,79.9,71.15,83.1,84.31,3,1,2,7,6,5,1971,2014,32.748,27.883,5,391,97
G219,5971,5972,92.2,69,84.55,86.64,73.95,3,1,2,7,6,5,1971,2014,32.748,27.883,5,391,97
G219,5972,5973,91.3,64.1,37.59,84.77,75.06,3,1,2,7,6,5,1971,2014,32.748,27.883,5,391,97
G219,5973,5974,83.3,27.51,72.68,75.84,78.56,3,1,2,7,6,5,1971,2014,32.748,27.883,5,391,97
G219,5974,5975,85.6,28.92,87.28,77.61,84.69,3,1,2,7,6,5,1971,2014,32.748,27.883,5,391,97
G219,5975,5976,91.9,66.33,69.81,81.09,82.3,3,1,2,7,6,5,1971,2014,32.748,27.883,5,391,97
G219,5976,5977,94.8,82.47,48.95,85.59,83.92,3,1,2,7,6,5,1971,2014,32.748,27.883,5,391,97
G219,5977,5978,94.9,83.92,53.4,84.3,73.73,3,1,2,7,6,5,1971,2014,32.748,27.883,5,391,97
G219,5978,5979,93,58.88,64.36,86.07,85.64,3,1,2,7,6,5,1971,2014,32.748,27.883,5,391,97
G219,5979,5980,95,84.54,84.45,75.55,85.93,3,1,2,7,6,5,1971,2014,32.748,27.883,5,391,97
G219,5980,5981,93.2,70.95,85.25,87.52,69.61,3,1,2,7,6,5,1971,2014,32.748,27.883,5,391,97
G219,5981,5982,85.7,26.28,75.02,87.74,79.81,3,1,2,7,6,5,1971,2014,32.748,27.883,5,391,97
G219,5982,5983,93.9,81.61,80.11,71.61,70.22,3,1,2,7,6,5,1971,2014,32.748,27.883,5,391,97
G219,5983,5984,92.8,68.37,82.32,82.12,59.44,3,1,2,7,6,5,1971,2014,32.748,27.883,5,391,97
G219,5984,5985,81.2,26.28,47.23,71.57,74.95,3,1,2,7,6,5,1971,2014,32.748,27.883,5,391,97
G219,5985,5986,84.8,33.39,86.71,60.36,69.74,3,1,2,7,6,5,1971,2014,32.748,27.883,5,391,97
G219,5986,5987,88.5,39.56,84.93,77.31,58.46,3,1,2,7,6,5,1971,2014,32.748,27.883,5,391,97
G219,5987,5988,91.9,50.42,53.95,71.48,67.87,3,1,2,7,6,5,1971,2014,32.748,27.883,5,391,97
G219,5988,5989,90.1,46.95,55.1,60.11,73.95,3,1,2,7,6,5,1971,2014,32.748,27.883,5,391,97
G219,5989,5990,90.7,49.41,66.1,69.35,50.13,3,1,2,7,6,5,1971,2014,32.748,27.883,5,391,97
G219,5990,5991,87.50631664,56.48,70.75,75.76,57.19,3,1,2,7,6,5,1971,2014,32.748,27.883,5,391,97
G219,5991,5992,76.71218625,26.28,70.62,52.82,45.51,3,1,2,7,6,5,1971,2014,7.778,7.778,0,0,10
G219,5992,5993,88.59189709,68.1280388,75.05,78.0368967,60.34244868,3,1,2,7,6,5,1971,2014,7.778,7.778,0,0,10
G219,5993,5994,88.70052225,65.6093316,54.42,71.26578665,59.0037082,3,1,2,7,6,5,1971,2014,7.778,7.778,0,0,10
G219,5994,5995,88.04164284,59.00273774,33.68,65.10427974,57.00454329,3,1,2,7,6,5,1971,2014,7.778,7.778,0,0,10
G219,5995,5996,91.74085831,73.22513584,3.65,57.93690468,58.17530346,3,1,2,7,6,5,1971,2014,7.778,7.778,0,0,10
G219,5996,5997,89.40864978,61.50688479,1.23,56.62431855,59.59547918,3,1,2,7,6,5,1971,2014,7.778,7.778,0,0,10
G219,5997,5998,88.27871257,57.70191209,13.07,60.6775942,59.49571587,3,1,2,7,6,5,1971,2014,7.778,7.778,0,0,10
G219,5998,5999,88.64005328,58.66810818,6.87,60.44643354,58.70981333,3,1,2,7,6,5,1971,2014,7.778,7.778,0,0,10
G219,5999,6000,90.58035676,65.58974615,2.1,57.72790294,58.17530346,3,1,2,7,6,5,1971,2014,7.778,7.778,0,0,10
G219,6000,6001,89.166809,59.41633665,1.67,56.62431855,57.41662514,3,1,2,7,6,5,1971,2014,7.778,7.778,0,0,10
G219,6001,6002,89.40864978,61.50688479,1.14,56.62431855,60.34786967,3,1,2,7,6,5,1971,2014,7.778,7.778,0,0,10
G219,6002,6003,89.40864978,61.50688479,1.08,56.62431855,59.34535767,3,1,2,7,6,5,1971,2014,7.778,7.778,0,0,10
G219,6003,6004,85.44803093,50.17899491,0.53,57.29469907,58.01168272,3,1,2,7,6,5,1971,2014,7.778,7.778,0,0,10
G219,6004,6005,89.166809,59.41633665,1.74,56.62431855,57.41662514,3,1,2,7,6,5,1971,2014,7.778,7.778,0,0,10
G219,6005,6006,89.14532498,60.50593148,1.01,56.62431855,58.24883599,3,1,2,7,6,5,1971,2014,7.778,7.778,0,0,10
G219,6006,6007,89.62719666,62.91984859,1.32,56.62431855,58.07818411,3,1,2,7,6,5,1971,2014,7.778,7.778,0,0,10
G219,6007,6008,91.37450628,73.22513584,3.4,58.96661659,58.17530346,3,1,2,7,6,5,1971,2014,7.778,7.778,0,0,10
G219,6008,6009,89.40864978,61.50688479,1.23,56.62431855,59.59547918,3,1,2,7,6,5,1971,2014,7.778,7.778,0,0,10
G219,6009,6010,89.62719666,61.83025377,1.82,56.62431855,57.8041854,3,1,2,7,6,5,1971,2014,7.778,7.778,0,0,10
G219,6010,6011,90.58035676,64.33751529,2.98,57.79850283,58.17530346,3,1,2,7,6,5,1971,2014,7.778,7.778,0,0,10
G219,6011,6012,89.40864978,61.50688479,1.16,56.62431855,59.59547918,3,1,2,7,6,5,1971,2014,7.778,7.778,0,0,10
G219,6012,6013,91.37450628,73.22513584,3.3,58.96661659,58.17530346,3,1,2,7,6,5,1971,2014,7.778,7.778,0,0,10
G219,6013,6014,89.40864978,61.50688479,1.1,56.62431855,59.34535767,3,1,2,7,6,5,1971,2014,7.778,7.778,0,0,10
G219,6014,6015,88.64005328,58.66810818,8.14,60.6775942,58.70981333,3,1,2,7,6,5,1971,2014,7.778,7.778,0,0,10
G219,6015,6016,89.08473945,58.16410579,4.67,57.34678882,58.66436316,3,1,2,7,6,5,1971,2014,7.778,7.778,0,0,10
G219,6016,6017,85.44803093,50.17899491,0.79,57.29469907,58.01168272,3,1,2,7,6,5,1971,2014,7.778,7.778,0,0,10
G219,6017,6018,89.14532498,61.89469328,0.94,56.62431855,58.24883599,3,1,2,7,6,5,1971,2014,7.778,7.778,0,0,10
G219,6018,6019,91.37450628,73.22513584,3.23,58.96661659,58.17530346,3,1,2,7,6,5,1971,2014,7.778,7.778,0,0,10
G219,6019,6020,88.64005328,58.66810818,6.06,60.44643354,58.70981333,3,1,2,7,6,5,1971,2014,7.778,7.778,0,0,10
G219,6020,6021,89.08473945,58.16410579,4.75,58.63329061,58.66436316,3,1,2,7,6,5,1971,2014,7.778,7.778,0,0,10
G219,6021,6022,88.64005328,58.66810818,7.88,60.6775942,58.70981333,3,1,2,7,6,5,1971,2014,7.778,7.778,0,0,10
G219,6022,6023,85.9164575,52.64614769,21.06,60.7270038,56.45225433,3,1,2,7,6,5,1971,2014,7.778,7.778,0,0,10
G219,6023,6024,86.30975084,53.34764893,19.39,61.224195,56.45225433,3,1,2,7,6,5,1971,2014,7.778,7.778,0,0,10
G219,6024,6025,87.37788703,57.31552006,32.35,64.63842381,57.00454329,3,1,2,7,6,5,1971,2014,7.778,7.778,0,0,10
G219,6025,6026,88.99487533,59.22704626,5.45,59.65297934,60.56946189,3,1,2,7,6,5,1971,2014,7.778,7.778,0,0,10
G219,6026,6027,88.99487533,59.22704626,6.93,60.44643354,60.56946189,3,1,2,7,6,5,1971,2014,7.778,7.778,0,0,10
G219,6027,6028,86.93563187,56.7231646,18.07,61.224195,59.62871576,3,1,2,7,6,5,1971,2014,7.778,7.778,0,0,10
G219,6028,6029,88.12223178,59.00273774,25.56,62.91329297,58.57583948,3,1,2,7,6,5,1971,2014,7.778,7.778,0,0,10
G219,6029,6030,90.16242505,60.61140624,4.52,57.80062782,60.52401173,3,1,2,7,6,5,1971,2014,7.778,7.778,0,0,10
G219,6030,6031,88.99487533,59.22704626,8.28,60.6775942,60.56946189,3,1,2,7,6,5,1971,2014,7.778,7.778,0,0,10
G219,6031,6032,86.37684517,54.53251287,20.17,61.224195,58.31190289,3,1,2,7,6,5,1971,2014,7.778,7.778,0,0,10
G219,6032,6033,87.13263137,56.70051454,15.82,61.224195,60.62067982,3,1,2,7,6,5,1971,2014,7.778,7.778,0,0,10
G219,6033,6034,89.79269003,61.66970664,1.76,56.62431855,59.27627371,3,1,2,7,6,5,1971,2014,7.778,7.778,0,0,10
G219,6034,6035,87.20401927,56.70051454,14.42,60.51944702,61.35536443,3,1,2,7,6,5,1971,2014,7.778,7.778,0,0,10
G219,6035,6036,86.8859326,56.03118742,22.77,61.224195,58.31190289,3,1,2,7,6,5,1971,2014,7.778,7.778,0,0,10
G219,6036,6037,88.72719647,59.22704626,10.42,60.6775942,60.56946189,3,1,2,7,6,5,1971,2014,7.778,7.778,0,0,10
G219,6037,6038,87.20401927,56.70051454,13.46,60.51944702,61.35536443,3,1,2,7,6,5,1971,2014,7.778,7.778,0,0,10
G219,6038,6039,88.45220892,57.96774464,30.84,64.924161,58.86419185,3,1,2,7,6,5,1971,2014,7.778,7.778,0,0,10
G219,6039,6040,86.4364585,54.53251287,21.84,61.224195,58.31190289,3,1,2,7,6,5,1971,2014,7.778,7.778,0,0,10
G219,6040,6041,88.12223178,59.00273774,23.75,62.91329297,58.57583948,3,1,2,7,6,5,1971,2014,7.778,7.778,0,0,10
G219,6041,6042,90.74585013,65.58974615,2.46,57.93769104,60.03495202,3,1,2,7,6,5,1971,2014,7.778,7.778,0,0,10
G219,6042,6043,85.80285299,54.13843387,0.3,56.83714363,61.90573065,3,1,2,7,6,5,1971,2014,7.778,7.778,0,0,10
G219,6043,6044,89.97309636,60.61140624,4.09,56.62431855,60.37636807,3,1,2,7,6,5,1971,2014,7.778,7.778,0,0,10
G219,6044,6045,91.90635168,73.22513584,3.75,57.93690468,60.25631632,3,1,2,7,6,5,1971,2014,7.778,7.778,0,0,10
G219,6045,6046,91.53999965,73.22513584,3.35,57.93690468,60.03495202,3,1,2,7,6,5,1971,2014,7.778,7.778,0,0,10
G219,6046,6047,89.59797847,62.91984859,1.11,56.62431855,61.20500624,3,1,2,7,6,5,1971,2014,7.778,7.778,0,0,10
G219,6047,6048,85.80285299,54.13843387,0.3,56.83714363,61.90573065,3,1,2,7,6,5,1971,2014,7.778,7.778,0,0,10
G219,6048,6049,91.53999965,73.22513584,3.3,57.93690468,60.03495202,3,1,2,7,6,5,1971,2014,7.778,7.778,0,0,10
G219,6049,6050,89.31081834,62.8956466,0.93,56.62431855,60.10848456,3,1,2,7,6,5,1971,2014,7.778,7.778,0,0,10
G219,6050,6051,90.16242505,60.61140624,4.47,57.80062782,60.52401173,3,1,2,7,6,5,1971,2014,7.778,7.778,0,0,10
G219,6051,6052,86.00995948,54.13843387,0.19,56.46617137,69.4302747,3,1,2,7,6,5,1971,2014,7.778,7.778,0,0,10
G219,6052,6053,85.6135243,51.2417691,0.72,57.29469907,59.87133128,3,1,2,7,6,5,1971,2014,7.778,7.778,0,0,10
G219,6053,6054,90.74585013,65.58974615,2.68,57.93769104,60.03495202,3,1,2,7,6,5,1971,2014,7.778,7.778,0,0,10
G219,6054,6055,85.6135243,51.2417691,0.77,57.29469907,59.87133128,3,1,2,7,6,5,1971,2014,7.778,7.778,0,0,10
G219,6055,6056,84.98764327,49.91904329,0.4,57.29469907,57.56830425,3,1,2,7,6,5,1971,2014,7.778,7.778,0,0,10
G219,6056,6057,89.31081834,62.8956466,0.96,56.62431855,60.10848456,3,1,2,7,6,5,1971,2014,7.778,7.778,0,0,10
G219,6057,6058,84.89401291,52.63968684,0.23,56.09570195,66.75995233,3,1,2,7,6,5,1971,2014,7.778,7.778,0,0,10
G219,6058,6059,79.84485925,47.1072731,1.6,44.5717856,42.36,4,2,1,5.5,4.5,20,2012,2016,23.397,22.144,8,395,102
G219,6059,6060,80.32269593,48.06342297,0.06,44.26893943,39.15,4,2,1,5.5,4.5,20,2012,2016,23.397,22.144,8,395,102
G219,6060,6061,61.68586736,33.63322158,0.28,18.24,36.69,4,2,1,5.5,4.5,20,2012,2016,23.397,22.144,8,395,102
G219,6061,6062,74.95412108,40.23450968,1.66,40.88,18.9,4,2,1,5.5,4.5,20,2012,2016,23.397,22.144,8,395,102
G219,6062,6063,74.96639375,40.23450968,0.93,39.15,24.07,4,2,1,5.5,4.5,20,2012,2016,23.397,22.144,8,395,102
G219,6063,6064,65.80221008,38.37942177,0.59,21.09,12.85,4,2,1,5.5,4.5,20,2012,2016,23.397,22.144,8,395,102
G219,6064,6065,67.94965048,38.27353241,0.99,26.1,11.19,4,2,1,5.5,4.5,20,2012,2016,23.397,22.144,8,395,102
G219,6065,6066,57.79436689,32.28973848,0.89,15.13,12.03,4,2,1,5.5,4.5,20,2012,2016,23.397,22.144,8,395,102
G219,6066,6067,57.54992033,31.82211057,0.62,13.67,22.11,4,2,1,5.5,4.5,20,2012,2016,23.397,22.144,8,395,102
G219,6067,6068,60.53373878,33.63322158,1.1,12.52,12.53,4,2,1,5.5,4.5,20,2012,2016,23.397,22.144,8,395,102
G219,6068,6069,68.38683857,38.27353241,1.17,24.57,17.69,4,2,1,5.5,4.5,20,2012,2016,23.397,22.144,8,395,102
G219,6069,6070,57.13075732,31.82211057,0.44,13.7,34.69,4,2,1,5.5,4.5,20,2012,2016,23.397,22.144,8,395,102
G219,6070,6071,61.90309411,33.63322158,0.43,18.45,22.72,4,2,1,5.5,4.5,20,2012,2016,23.397,22.144,8,395,102
G219,6071,6072,72.18459069,40.23450968,0.27,35.73,15.3,4,2,1,5.5,4.5,20,2012,2016,23.397,22.144,8,395,102
G219,6072,6073,65.7838895,37.53283783,0.2,25.06,26.93,4,2,1,5.5,4.5,20,2012,2016,23.397,22.144,8,395,102
G219,6073,6074,62.26418346,33.63322158,0.11,16.76,15.52,4,2,1,5.5,4.5,20,2012,2016,23.397,22.144,8,395,102
G219,6074,6075,73.96383793,40.23450968,0.09,27.88,30.74,4,2,1,5.5,4.5,20,2012,2016,23.397,22.144,8,395,102
G219,6075,6076,64.99988068,38.37942177,1.51,16.88,9.68,4,2,1,5.5,4.5,20,2012,2016,23.397,22.144,8,395,102
G219,6076,6077,71.5915608,39.74930604,1.14,32.09,38.05,4,2,1,5.5,4.5,20,2012,2016,23.397,22.144,8,395,102
G219,6077,6078,60.40226035,33.20997805,1.9,11.64,19.53,4,2,1,5.5,4.5,20,2012,2016,23.397,22.144,8,395,102
G219,6078,6079,75.04821747,38.24244733,11.49,40.59,9.94,4,2,1,5.5,4.5,20,2012,2016,23.397,22.144,8,395,102
G219,6079,6080,68.94659014,37.6144501,5.61,21.62,18.55,4,2,1,5.5,4.5,20,2012,2016,23.397,22.144,8,395,102
G219,6080,6081,60.40226035,33.63322158,1.81,11.59,18.03,4,2,1,5.5,4.5,20,2012,2016,23.397,22.144,8,395,102
G219,6081,6082,74.66573258,42.79228995,2,18.29,33.39,4,2,1,5,4.5,20,2012,2016,5.093,5.053,0,0,10
G219,6082,6083,46.76979782,26.28,1.46,23.93299181,38.32,4,2,1,5,4.5,20,2012,2016,5.093,5.053,0,0,10
G219,6083,6084,77.60641946,46.23,3.51,20.88,22.92,4,2,1,5,4.5,20,2012,2016,5.093,5.053,0,0,10
G219,6084,6085,48.06923664,26.28,3.84,39.96,48.54,4,2,1,5,4.5,20,2012,2016,5.093,5.053,0,0,10
G219,6085,6086,75.36532177,48.97,4.61,25.58,50.13,4,2,1,5,4.5,20,2012,2016,5.093,5.053,0,0,10
G219,6086,6087,71.82773988,49.7,0.27,41.72,37.36,4,2,1,5,4.5,20,2008,2017,29.904,28,10,832,87
G219,6087,6088,76.269902,53.18,3.07,35.71289781,18.38,4,2,1,5,4.5,20,2008,2017,29.904,28,10,832,87
G219,6088,6089,42.13036371,26.28,5.1,55.3,28.68,4,2,1,5,4.5,20,2008,2017,29.904,28,10,832,87
G219,6089,6090,37.15404463,26.28,9.29,19.5,30,4,2,1,5,4.5,20,2008,2017,29.904,28,10,832,87
G219,6090,6091,63.97758062,28.44,13.82,29.86,35.35,4,2,1,5,4.5,20,2008,2017,29.904,28,10,832,87
G219,6091,6092,38.66399693,26.28,15.68,32.5,27.05,4,2,1,5,4.5,20,2008,2017,29.904,28,10,832,87
G219,6092,6093,38.47578064,26.28,15.35,36.29,38.32,4,2,1,5,4.5,20,2008,2017,29.904,28,10,832,87
G219,6093,6094,68.45473818,40.54,14.01,28.46,55.91,4,2,1,5,4.5,20,2008,2017,29.904,28,10,832,87
G219,6094,6095,73.69416844,47.96,8.73,40.73,34.82,4,2,1,5,4.5,20,2008,2017,29.904,28,10,832,87
G219,6095,6096,61.89101305,31.61,21.31,57.64,19.53,4,2,1,5,4.5,20,2008,2017,29.904,28,10,832,87
G219,6096,6097,38.83082063,26.28,21.29,37.02,39.01,4,2,1,5,4.5,20,2008,2017,29.904,28,10,832,87
G219,6097,6098,62.05447049,36.29,64.29,21.53,43.07,4,2,1,5,4.5,20,2008,2017,29.904,28,10,832,87
G219,6098,6099,62.51538882,39.28,82.93,40.98,30.12,4,2,1,5,4.5,20,2008,2017,29.904,28,10,832,87
G219,6099,6100,58.00430791,27.16,81.02,45.28,30.12,4,2,1,5,4.5,20,2008,2017,29.904,28,10,832,87
G219,6100,6101,59.30452925,33.52,70.84,32.61,55.76,4,2,1,5,4.5,20,2008,2017,29.904,28,10,832,87
G219,6101,6102,70.94056548,52.6,81.84,31.25,37.09,4,2,1,5,4.5,20,2008,2017,29.904,28,10,832,87
G219,6102,6103,61.8195935,35.35,68.42,57.11,36.55,4,2,1,5,4.5,20,2008,2017,29.904,28,10,832,87
G219,6103,6104,60.04984753,34.82,70.24,38.7,13.65,4,2,1,5,4.5,20,2008,2017,29.904,28,10,832,87
G219,6104,6105,38.40259683,26.28,75.49,38.81,22.92,4,2,1,5,4.5,20,2008,2017,29.904,28,10,832,87
G219,6105,6106,27.48072012,26.28,61.98,15.55,26.03,4,2,1,5,4.5,20,2008,2017,29.904,28,10,832,87
G219,6106,6107,40.09457054,26.28,44.52,24.28,26.93,4,2,1,5,4.5,20,2008,2017,29.904,28,10,832,87
G219,6107,6108,42.05982256,26.28,86.63,28.42,25.15,4,2,1,5,4.5,20,2008,2017,29.904,28,10,832,87
G219,6108,6109,40.91877047,26.28,77.82,28.91,12.59,4,2,1,5,4.5,20,2008,2017,29.904,28,10,832,87
G219,6109,6110,39.81890698,26.28,53.85,26.55,9.78,4,2,1,5,4.5,20,2008,2017,29.904,28,10,832,87
G219,6110,6111,27.87843021,26.28,55.66,13.41,11.02,4,2,1,5,4.5,20,2008,2017,29.904,28,10,832,87
G219,6111,6112,25.63332135,26.28,73.35,11.27,36.29,4,2,1,5,4.5,20,2008,2017,29.904,28,10,832,87
G219,6112,6113,28.43954072,26.28,89.35,12.03,9.83,4,2,1,5,4.5,20,2008,2017,29.904,28,10,832,87
G219,6113,6114,39.37523301,26.28,74.5,37.96,11.25,4,2,1,5,4.5,20,2008,2017,29.904,28,10,832,87
G219,6114,6115,25.27883759,26.28,62.1,6.54,18.55,4,2,1,5,4.5,20,2008,2017,29.904,28,10,832,87
G219,6115,6116,25.30081237,26.28,45.96,4.77,18.9,4,2,1,5,4.5,20,2008,2017,29.904,28,10,832,87
G219,6116,6117,34.4000917,26.28,36.93,13.79,16.7,4,2,1,5.5,4.5,22,2009,2014,5,5,0,0,7
G219,6117,6118,49.09765535,26.28,81.61,9.947973911,8.17,4,2,1,5.5,4.5,22,2009,2014,5,5,0,0,7
G219,6118,6119,29.81416785,26.28,87.87,6.1,16.14,4,2,1,5.5,4.5,22,2009,2014,5,5,0,0,7
G219,6119,6120,32.63663147,26.28,80.62,10.35,16.22,4,2,1,5.5,4.5,22,2009,2014,5,5,0,0,7
G219,6120,6121,29.04879769,26.28,71.03,5.58,16.14,4,2,1,5.5,4.5,22,2009,2014,5,5,0,0,7
G219,6121,6122,25.27692997,26.28,63.01,4.55,18.64,4,2,1,5.5,4.5,20,2009,2016,28.708,26.708,7,2929,77
G219,6122,6123,80.5384594,44.76318015,62.45,38.7327908,15.91,4,2,1,5.5,4.5,20,2009,2016,28.708,26.708,7,2929,77
G219,6123,6124,69.51299579,37.54170619,25.87,12.11,8.44,4,2,1,5.5,4.5,20,2009,2016,28.708,26.708,7,2929,77
G219,6124,6125,94,39.27557967,67.17,5.74,9.53,4,2,1,5.5,4.5,20,2009,2016,28.708,26.708,7,2929,77
G219,6125,6126,93,36.7108492,42.03,2.67,14.93,4,2,1,5.5,4.5,20,2009,2016,28.708,26.708,7,2929,77
G219,6126,6127,89,30.45070611,74.28,10.33,12.46,4,2,1,5.5,4.5,20,2009,2016,28.708,26.708,7,2929,77
G219,6127,6128,77.2,30.45070611,75.51,0.59,15.6,4,2,1,5.5,4.5,20,2009,2016,28.708,26.708,7,2929,77
G219,6128,6129,91.2,30.45070611,73.7,0.99,12.21,4,2,1,5.5,4.5,20,2009,2016,28.708,26.708,7,2929,77
G219,6129,6130,92.1,32.93964035,2.8,0.89,8.76,4,2,1,5.5,4.5,20,2009,2016,28.708,26.708,7,2929,77
G219,6130,6131,86.3,36.69244849,28.12,0.62,16.14,4,2,1,5.5,4.5,20,2009,2016,28.708,26.708,7,2929,77
G219,6131,6132,58.1,36.7108492,62.19,1.1,16.62,4,2,1,5.5,4.5,20,2009,2016,28.708,26.708,7,2929,77
G219,6132,6133,89.9,36.7108492,63.38,1.17,9.99,4,2,1,5.5,4.5,20,2009,2016,28.708,26.708,7,2929,77
G219,6133,6134,81.7,30.45070611,75.79,0.44,13.72,4,2,1,5.5,4.5,20,2009,2016,28.708,26.708,7,2929,77
G219,6134,6135,85.9,37.30397317,6.69,0.43,17.52,4,2,1,5.5,4.5,20,2009,2016,28.708,26.708,7,2929,77
G219,6135,6136,92.5,36.7108492,62.29,0.27,12.21,4,2,1,5.5,4.5,20,2009,2016,28.708,26.708,7,2929,77
G219,6136,6137,87.1,36.7108492,62.21,0.2,16.14,4,2,1,5.5,4.5,20,2009,2016,28.708,26.708,7,2929,77
G219,6137,6138,89.2,37.26202051,36.47,0.11,14.49,4,2,1,5.5,4.5,20,2009,2016,28.708,26.708,7,2929,77
G219,6138,6139,89.8,36.7108492,43.83,0.09,15,4,2,1,5.5,4.5,20,2009,2016,28.708,26.708,7,2929,77
G219,6139,6140,82.5,37.30397317,6.58,1.51,11.6,4,2,1,5.5,4.5,20,2009,2016,28.708,26.708,7,2929,77
G219,6140,6141,91.6,33.36288387,0.81,1.14,10.97,4,2,1,5.5,4.5,20,2009,2016,28.708,26.708,7,2929,77
G219,6141,6142,88.6,36.7108492,41.46,1.9,17.19,4,2,1,5.5,4.5,20,2009,2016,28.708,26.708,7,2929,77
G219,6142,6143,90.2,37.5601069,46.89,11.49,16.38,4,2,1,5.5,4.5,20,2009,2016,28.708,26.708,7,2929,77
G219,6143,6144,86.6,37.5601069,44.64,5.61,19.17,4,2,1,5.5,4.5,20,2009,2016,28.708,26.708,7,2929,77
G219,6144,6145,91.8,36.69244849,30.48,1.81,14.63,4,2,1,5.5,4.5,20,2009,2016,28.708,26.708,7,2929,77
G219,6145,6146,89.4,37.26202051,34.44,2,9.04,4,2,1,5.5,4.5,20,2009,2016,28.708,26.708,7,2929,77
G219,6146,6147,91.2,37.26828253,16.91,1.46,16.94,4,2,1,5.5,4.5,20,2009,2016,28.708,26.708,7,2929,77
G219,6147,6148,88.4,36.69244849,24.12,3.51,16.38,4,2,1,5.5,4.5,20,2009,2016,28.708,26.708,7,2929,77
G219,6148,6149,91.7,37.26202051,34.48,3.84,11.72,4,2,1,5.5,4.5,20,2009,2016,28.708,26.708,7,2929,77
G219,6149,6150,89.1,30.45070611,71.19,4.61,15.22,4,2,1,5.5,4.5,20,2009,2016,28.708,26.708,7,2929,77
G219,6150,6151,84.6,37.10420709,65.53,0.27,17.61,4,2,1,5.5,4.5,20,2009,,0.959,0.959,0,0,2
G219,6151,6152,88.2,60.84,77.24,3.07,18.2,4,2,1,5.5,4.5,22,2009,,3.687,3.287,0,0,3
G219,6152,6153,80.7,73.05,62.02,5.1,13.11,4,2,1,5.5,4.5,22,2009,,3.687,3.287,0,0,3
G219,6153,6154,87.9,75.7,17.96,9.29,14.42,4,2,1,5.5,4.5,22,2009,,3.687,3.287,0,0,3
G219,6154,6155,90.5,29.37,37.65,13.82,13.04,4,2,1,5.5,4.5,22,2009,,3.687,3.287,0,0,3
G219,6155,6156,68.7,78.09,61.17,15.68,11.78,4,2,2,6.5,6,20,2009,,4.701,4.501,0,0,18
G219,6156,6157,86.9,86.75,65.7,15.35,12.46,4,2,2,6.5,6,20,2009,,4.701,4.501,0,0,18
G219,6157,6158,90.7,89.03,44.09,14.01,19.63,4,2,2,6.5,6,20,2009,,4.701,4.501,0,0,18
G219,6158,6159,92.9,81.52,61.51,8.73,19.26,4,2,2,6.5,6,20,2009,,4.701,4.501,0,0,18
G219,6159,6160,90.4,86.88,34.81,21.31,91.86,4,2,2,7.5,6.5,25,2024,,38.815,38.203,0,0,126
G219,6160,6161,89.1,85.5,57.81,67.79725022,85.35139154,3,2,2,7.5,6.5,25,2024,,38.815,38.203,0,0,126
G219,6161,6162,66.3,80.36,30.38,66.07459542,84.30480889,3,2,2,7.5,6.5,25,2024,,38.815,38.203,0,0,126
G219,6162,6163,87.5,81.35,79.27,77.24275581,80.78319874,3,2,2,7.5,6.5,25,2024,,38.815,38.203,0,0,126
G219,6163,6164,84.6,84.33,67.61,74.43439972,82.41966969,3,2,2,7.5,6.5,25,2024,,38.815,38.203,0,0,126
G219,6164,6165,65.8,75.93,78.68,77.24275581,80.78319874,3,2,2,7.5,6.5,25,2024,,38.815,38.203,0,0,126
G219,6165,6166,90.8,79.35,85.85,78.11249433,79.46965207,3,2,2,7.5,6.5,25,2024,,38.815,38.203,0,0,126
G219,6166,6167,90.1,87.78,85.66,78.11249433,79.46965207,3,2,2,7.5,6.5,25,2024,,38.815,38.203,0,0,126
G219,6167,6168,91.4,84.69,87.28,78.11249433,79.08831558,3,2,2,7.5,6.5,25,2024,,38.815,38.203,0,0,126
G219,6168,6169,90.9,83.04,78.74,77.24275581,80.78319874,3,2,2,7.5,6.5,25,2024,,38.815,38.203,0,0,126
G219,6169,6170,89.3,88.8,38.52,66.75957212,85.53586812,3,2,2,7.5,6.5,25,2024,,38.815,38.203,0,0,126
G219,6170,6171,90.5,89.31,68.1,75.02311812,82.41966969,3,2,2,7.5,6.5,25,2024,,38.815,38.203,0,0,126
G219,6171,6172,91.95808083,90.61,78.42,77.24275581,80.78319874,3,2,2,7.5,6.5,25,2024,,38.815,38.203,0,0,126
G219,6172,6173,92.7,88.79,59.11,69.49316704,85.35139154,3,2,2,7.5,6.5,25,2024,,38.815,38.203,0,0,126
G219,6173,6174,92.9,88.39,71.58,74.76737311,82.35725166,3,2,2,7.5,6.5,25,2024,,38.815,38.203,0,0,126
G219,6174,6175,91.2,86.95,81.41,77.47689516,80.78319874,3,2,2,7.5,6.5,25,2024,,38.815,38.203,0,0,126
G219,6175,6176,92.1,86.61,79.2,77.24275581,80.78319874,3,2,2,7.5,6.5,25,2024,,38.815,38.203,0,0,126
G219,6176,6177,94.3,83.58,87.24,78.11249433,79.08831558,3,2,2,7.5,6.5,25,2024,,38.815,38.203,0,0,126
G219,6177,6178,90.5,88.8,86.42,78.11249433,79.08831558,3,2,2,7.5,6.5,25,2024,,38.815,38.203,0,0,126
G219,6178,6179,93.8,82.63,86.85,78.11249433,79.08831558,3,2,2,7.5,6.5,25,2024,,38.815,38.203,0,0,126
G219,6179,6180,90.3,87.34,81.07,77.47689516,80.78319874,3,2,2,7.5,6.5,25,2024,,38.815,38.203,0,0,126
G219,6180,6181,92.1,86.34,71.84,74.76737311,82.35725166,3,2,2,7.5,6.5,25,2024,,38.815,38.203,0,0,126
G219,6181,6182,93.2,84.23,72.77,74.76737311,82.35725166,3,2,2,7.5,6.5,25,2024,,38.815,38.203,0,0,126
G219,6182,6183,93.2,87.59,71.99,74.76737311,82.35725166,3,2,2,7.5,6.5,25,2024,,38.815,38.203,0,0,126
G219,6183,6184,93.7,75.06,84.61,77.47689516,80.29866701,3,2,2,7.5,6.5,25,2024,,38.815,38.203,0,0,126
G219,6184,6185,92.1,59.89,73.57,75.36029552,82.35725166,3,2,2,7.5,6.5,25,2024,,38.815,38.203,0,0,126
G219,6185,6186,94.7,73.19779605,67.07,72.29656363,82.54229781,3,2,2,7.5,6.5,25,2024,,38.815,38.203,0,0,126
G219,6186,6187,90.6,84.69,82.92,77.47689516,80.71929176,3,2,2,7.5,6.5,25,2024,,38.815,38.203,0,0,126
G219,6187,6188,89.5,88.15,79.57,77.24275581,80.78319874,3,2,2,7.5,6.5,25,2024,,38.815,38.203,0,0,126
G219,6188,6189,92.7,26.28,31.22,66.07459542,84.30480889,3,2,2,7.5,6.5,25,2024,,38.815,38.203,0,0,126
G219,6189,6190,93.4,34.76,34,65.32511448,84.30480889,3,2,2,7.5,6.5,25,2024,,38.815,38.203,0,0,126
G219,6190,6191,91.6,89.25,50.17,67.79725022,85.2585241,3,2,2,7.5,6.5,25,2024,,38.815,38.203,0,0,126
G219,6191,6192,93,38.59,81.41,77.47689516,80.78319874,3,2,2,7.5,6.5,25,2024,,38.815,38.203,0,0,126
G219,6192,6193,92.7,87.81,84.91,75.49528275,80.0277957,3,2,2,7.5,6.5,25,2024,,38.815,38.203,0,0,126
G219,6193,6194,90.9,90.26,86.48,78.11249433,79.08831558,3,2,2,7.5,6.5,25,2024,,38.815,38.203,0,0,126
G219,6194,6195,88.6,84.92,74.66,75.36029552,82.35725166,3,2,2,7.5,6.5,25,2024,,38.815,38.203,0,0,126
G219,6195,6196,88.7,90.31,83.26,77.47689516,80.71929176,3,2,2,7.5,6.5,25,2024,,38.815,38.203,0,0,126
G219,6196,6197,84.5,85.93,83.83,77.65664019,82.38332622,3,2,2,7.5,6.5,25,2024,,38.815,38.203,0,0,126
G219,6197,6198,91.7,90.86,76.98,75.63325793,82.35725166,3,2,2,7.5,6.5,25,2024,,38.815,38.203,0,0,126
G219,6198,6199,90.3,88.02,81.91,77.47689516,80.71929176,3,2,2,7.5,6.5,25,2024,,38.815,38.203,0,0,126
G219,6199,6200,91.3,85.64,88.17,78.11249433,78.60001443,3,2,2,7.5,6.5,25,2024,,38.815,38.203,0,0,126
G219,6200,6201,92.4,82.04,71.74,74.76737311,82.35725166,3,2,2,7.5,6.5,25,2024,,38.815,38.203,0,0,126
G219,6201,6202,92.5,87.96,85.28,78.11249433,80.3012041,3,2,2,7.5,6.5,25,2024,,38.815,38.203,0,0,126
G219,6202,6203,90,91.47,73.71,75.36029552,82.35725166,3,2,2,7.5,6.5,25,2024,,38.815,38.203,0,0,126
G219,6203,6204,92.4,90.95,79.29,77.24275581,80.78319874,3,2,2,7.5,6.5,25,2024,,38.815,38.203,0,0,126
G219,6204,6205,93.4,90.71,90.72,78.05110605,77.5114896,3,2,2,7.5,6.5,25,2024,,38.815,38.203,0,0,126
G219,6205,6206,86.8,87.65,88.76,77.41196837,77.5114896,3,2,2,7.5,6.5,25,2024,,38.815,38.203,0,0,126
G219,6206,6207,90.9,85.43,86.62,78.11249433,79.08831558,3,2,2,7.5,6.5,25,2024,,38.815,38.203,0,0,126
G219,6207,6208,92.3,87.27,88.72,77.41196837,77.5114896,3,2,2,7.5,6.5,25,2024,,38.815,38.203,0,0,126
G219,6208,6209,92.6,86.22,81.24,77.47689516,80.78319874,3,2,2,7.5,6.5,25,2024,,38.815,38.203,0,0,126
G219,6209,6210,92.8,53.59883918,81.74,77.47689516,80.78319874,3,2,2,7.5,6.5,25,2024,,38.815,38.203,0,0,126
G219,6210,6211,92.4,65.94,73.09,74.76737311,82.35725166,3,2,2,7.5,6.5,25,2024,,38.815,38.203,0,0,126
G219,6211,6212,93.4,78.85,76.85,75.63325793,82.35725166,3,2,2,7.5,6.5,25,2024,,38.815,38.203,0,0,126
G219,6212,6213,93.3,44.79,72.74,74.76737311,82.35725166,3,2,2,7.5,6.5,25,2024,,38.815,38.203,0,0,126
G219,6213,6214,90.9,83.85,83.45,77.47689516,79.48084717,3,2,2,7.5,6.5,25,2024,,38.815,38.203,0,0,126
G219,6214,6215,92.8,82.21,71.78,74.76737311,82.35725166,3,2,2,7.5,6.5,25,2024,,38.815,38.203,0,0,126
G219,6215,6216,92.1,73.39,49.98,67.79725022,85.2585241,3,2,2,7.5,6.5,25,2024,,38.815,38.203,0,0,126
G219,6216,6217,93.6,51.83,80.09,77.42250083,81.80950291,3,2,2,7.5,6.5,25,2024,,38.815,38.203,0,0,126
G219,6217,6218,91.1,68.37,79.29,77.42250083,81.80950291,3,2,2,7.5,6.5,25,2024,,38.815,38.203,0,0,126
G219,6218,6219,93.2,77.97,81.28,77.65664019,81.80950291,3,2,2,7.5,6.5,25,2024,,38.815,38.203,0,0,126
G219,6219,6220,93.8,40.12,84.24,77.65664019,82.8262685,3,2,2,7.5,6.5,25,2024,,38.815,38.203,0,0,126
G219,6220,6221,89.4,26.28,61.52,69.49316704,85.56337091,3,2,2,7.5,6.5,25,2024,,38.815,38.203,0,0,126
G219,6221,6222,94.3,52.74,39.59,66.9306026,86.56217229,3,2,2,7.5,6.5,25,2024,,38.815,38.203,0,0,126
G219,6222,6223,89.7,29.61,66.72,71.24290215,85.46588281,3,2,2,7.5,6.5,25,2024,,38.815,38.203,0,0,126
G219,6223,6224,84.5,53.02,73.36,75.36029552,83.38355582,3,2,2,7.5,6.5,25,2024,,38.815,38.203,0,0,126
G219,6224,6225,86.14212482,76.86,79.33,77.42250083,81.80950291,3,2,2,7.5,6.5,25,2024,,38.815,38.203,0,0,126
G219,6225,6226,86.06919116,71.3,83.9,77.65664019,83.40963039,3,2,2,7.5,6.5,25,2024,,38.815,38.203,0,0,126
G219,6226,6227,86.71695236,75.06,88.38,78.11249433,79.6263186,3,2,2,7.5,6.5,25,2024,,38.815,38.203,0,0,126
G219,6227,6228,85.71931847,76.23,72.25,74.76737311,83.38355582,3,2,2,7.5,6.5,25,2024,,38.815,38.203,0,0,126
G219,6228,6229,85.92291769,29.64,65.67,71.27573565,85.46588281,3,2,2,7.5,6.5,25,2024,,38.815,38.203,0,0,126
G219,6229,6230,85.92040812,79.99,77.22,75.63325793,83.38355582,3,2,2,7.5,6.5,25,2024,,38.815,38.203,0,0,126
G219,6230,6231,85.71931847,66.72,73.14,74.76737311,83.38355582,3,2,2,7.5,6.5,25,2024,,38.815,38.203,0,0,126
G219,6231,6232,86.02127885,73.84,69.19,75.02311812,83.44597386,3,2,2,7.5,6.5,25,2024,,38.815,38.203,0,0,126
G219,6232,6233,85.31133397,72.05,56.69,66.79522815,86.37769571,3,2,2,7.5,6.5,25,2024,,38.815,38.203,0,0,126
G219,6233,6234,85.71931847,84.31,75.27,75.36029552,83.38355582,3,2,2,7.5,6.5,25,2024,,38.815,38.203,0,0,126
G219,6234,6235,86.02127885,51.16,67.45,65.74736673,83.44597386,3,2,2,7.5,6.5,25,2024,,38.815,38.203,0,0,126
G219,6235,6236,86.43378914,84.61,86.19,78.11249433,80.3068961,3,2,2,7.5,6.5,25,2024,,38.815,38.203,0,0,126
G219,6236,6237,86.43378914,72.24,86.02,78.11249433,80.49595623,3,2,2,7.5,6.5,25,2024,,38.815,38.203,0,0,126
G219,6237,6238,86.14212482,69.61,80.51,77.42250083,81.80950291,3,2,2,7.5,6.5,25,2024,,38.815,38.203,0,0,126
G219,6238,6239,86.26140211,59.18,82.34,77.65664019,81.74559593,3,2,2,7.5,6.5,25,2024,,38.815,38.203,0,0,126
G219,6239,6240,86.33189789,46.66,85.56,78.11249433,81.32750827,3,2,2,7.5,6.5,25,2024,,38.815,38.203,0,0,126
G219,6240,6241,86.0191985,58.6,84.41,77.65664019,82.14698293,3,2,2,7.5,6.5,25,2024,,38.815,38.203,0,0,126
G219,6241,6242,86.43378914,71.56,86.27,78.11249433,80.11461975,3,2,2,7.5,6.5,25,2024,,38.815,38.203,0,0,126
G219,6242,6243,86.72164672,69.98,90.27,78.11249433,78.53779377,3,2,2,7.5,6.5,25,2024,,38.815,38.203,0,0,126
G219,6243,6244,86.06919116,68,83.97,77.65664019,83.40963039,3,2,2,7.5,6.5,25,2024,,38.815,38.203,0,0,126
G219,6244,6245,86.43378914,69.18,87.27,78.11249433,80.11461975,3,2,2,7.5,6.5,25,2024,,38.815,38.203,0,0,126
G219,6245,6246,86.09233786,74.95,80.78,77.65664019,81.80950291,3,2,2,7.5,6.5,25,2024,,38.815,38.203,0,0,126
G219,6246,6247,86.60156612,77.06,88.06,78.11249433,79.6263186,3,2,2,7.5,6.5,25,2024,,38.815,38.203,0,0,126
G219,6247,6248,86.71695236,82.98,88.29,78.11249433,79.6263186,3,2,2,7.5,6.5,25,2024,,38.815,38.203,0,0,126
G219,6248,6249,86.71695236,79.81,88.21,78.11249433,79.6263186,3,2,2,7.5,6.5,25,2024,,38.815,38.203,0,0,126
G219,6249,6250,85.7602202,77.67,76.72,75.63325793,83.38355582,3,2,2,7.5,6.5,25,2024,,38.815,38.203,0,0,126
G219,6250,6251,86.14212482,35.09,78.78,77.42250083,81.80950291,3,2,2,7.5,6.5,25,2024,,38.815,38.203,0,0,126
G219,6251,6252,85.21772252,72.22,75.53,75.12073986,83.38355582,3,2,2,7.5,6.5,25,2024,,38.815,38.203,0,0,126
G219,6252,6253,86.09233786,71.89,81.09,77.65664019,81.80950291,3,2,2,7.5,6.5,25,2024,,38.815,38.203,0,0,126
G219,6253,6254,85.7602202,51.29,76.74,75.63325793,83.38355582,3,2,2,7.5,6.5,25,2024,,38.815,38.203,0,0,126
G219,6254,6255,85.71931847,86.41,75.12,75.36029552,83.38355582,3,2,2,7.5,6.5,25,2024,,38.815,38.203,0,0,126
G219,6255,6256,85.71931847,84.16,73.01,74.76737311,83.38355582,3,2,2,7.5,6.5,25,2024,,38.815,38.203,0,0,126
G219,6256,6257,85.48445209,87.65,60.99,69.49316704,85.56337091,3,2,2,7.5,6.5,25,2024,,38.815,38.203,0,0,126
G219,6257,6258,85.71931847,84,72.57,74.76737311,83.38355582,3,2,2,7.5,6.5,25,2024,,38.815,38.203,0,0,126
G219,6258,6259,85.92040812,82.93,77.27,75.63325793,82.74529679,3,2,2,7.5,6.5,25,2024,,38.815,38.203,0,0,126
G219,6259,6260,80.59896964,86.14,20.82,50.50705788,84.8430678,3,2,2,7.5,6.5,25,2024,,38.815,38.203,0,0,126
G219,6260,6261,85.31133397,85.14,59.16,68.49114496,86.37769571,3,2,2,7.5,6.5,25,2024,,38.815,38.203,0,0,126
G219,6261,6262,85.31133397,80.99,57.47,66.79522815,86.37769571,3,2,2,7.5,6.5,25,2024,,38.815,38.203,0,0,126
G219,6262,6263,85.48445209,82.38,60.73,69.49316704,85.62195104,3,2,2,7.5,6.5,25,2024,,38.815,38.203,0,0,126
G219,6263,6264,85.71931847,83.2,75.09,75.36029552,83.38355582,3,2,2,7.5,6.5,25,2024,,38.815,38.203,0,0,126
G219,6264,6265,85.71931847,84.62,74.83,75.36029552,83.38355582,3,2,2,7.5,6.5,25,2024,,38.815,38.203,0,0,126
G219,6265,6266,85.39605492,87.53,69.95,73.72990097,83.44597386,3,2,2,7.5,6.5,25,2024,,38.815,38.203,0,0,126
G219,6266,6267,86.10562918,79.71,78.01,77.42250083,82.41326735,3,2,2,7.5,6.5,25,2024,,38.815,38.203,0,0,126
G219,6267,6268,86.43378914,87.21,87.35,78.11249433,80.11461975,3,2,2,7.5,6.5,25,2024,,38.815,38.203,0,0,126
G219,6268,6269,85.21772252,70.83,75.79,75.12073986,83.38355582,3,2,2,7.5,6.5,25,2024,,38.815,38.203,0,0,126
G219,6269,6270,85.92040812,64.36,77.58,76.14823668,82.74529679,3,2,2,7.5,6.5,25,2024,,38.815,38.203,0,0,126
G219,6270,6271,85.71931847,83.37,72.42,74.76737311,83.38355582,3,2,2,7.5,6.5,25,2024,,38.815,38.203,0,0,126
G219,6271,6272,85.71931847,83.85,74.21,75.36029552,83.38355582,3,2,2,7.5,6.5,25,2024,,38.815,38.203,0,0,126
G219,6272,6273,88.83040098,77.57,70.14,83.02615866,85.43,4,1,2,6.5,6,5,1900,2019,27.8,18.689,0,0,66
G219,6273,6274,89.14044696,81.08,78.93,80.1400123,84.08,4,1,2,6.5,6,5,1900,2019,27.8,18.689,0,0,66
G219,6274,6275,89.30041978,90.36,84.57,87.18179658,83.29,4,1,2,6.5,6,5,1900,2019,27.8,18.689,0,0,66
G219,6275,6276,90.83341901,84.16,49.47,79.99895429,85.79,4,1,2,6.5,6,5,1900,2019,27.8,18.689,0,0,66
G219,6276,6277,79.73652046,84.69,65.31,60.52212472,85.36,4,1,2,6.5,6,5,1900,2019,27.8,18.689,0,0,66
G219,6277,6278,91.32617029,87.53,64.91,82.03438209,84.77,4,1,2,6.5,6,5,1900,2019,27.8,18.689,0,0,66
G219,6278,6279,93.61214851,88.8,70.8,86.13151101,83.61,4,1,2,6.5,6,5,1900,2019,27.8,18.689,0,0,66
G219,6279,6280,94.21141544,86.68,63.67,81.0028813,81.44,4,1,2,6.5,6,5,1900,2019,27.8,18.689,0,0,66
G219,6280,6281,93.06329025,89.03,68.3,84.78970009,82.63,4,1,2,6.5,6,5,1900,2019,27.8,18.689,0,0,66
G219,6281,6282,94.05833442,89.03,78.38,87.22476104,80.99,4,1,2,6.5,6,5,1900,2019,27.8,18.689,0,0,66
G219,6282,6283,93.03731419,88.33,75.92,86.50697302,81.96,4,1,2,6.5,6,5,1900,2019,27.8,18.689,0,0,66
G219,6283,6284,92.20975647,67.47,75.91,86.22335626,85.06,4,1,2,6.5,6,5,1900,2019,27.8,18.689,0,0,66
G219,6284,6285,92.88436382,86.34,77.62,87.01129742,83.37,4,1,2,6.5,6,5,1900,2019,27.8,18.689,0,0,66
G219,6285,6286,93.53325534,75.16,73.73,86.50697302,83.77,4,1,2,6.5,6,5,1900,2019,27.8,18.689,0,0,66
G219,6286,6287,90.90933801,87.21,76.09,85.97177805,82.88,4,1,2,6.5,6,5,1900,2019,27.8,18.689,0,0,66
G219,6287,6288,92.75646353,81.87,70.32,85.84789425,83.04,4,1,2,6.5,6,5,1900,2019,27.8,18.689,0,0,66
G219,6288,6289,93.03737519,89.53,74.86,86.7712518,88.97,4,1,2,6.5,6,5,1900,2019,27.8,18.689,0,0,66
G219,6289,6290,93.4953167,87.65,70.09,85.07331684,85.5,4,1,2,6.5,6,5,1900,2019,27.8,18.689,0,0,66
G219,6290,6291,93.13688305,91.42,73.57,86.33730681,85.28,4,1,2,6.5,6,5,1900,2019,27.8,18.689,0,0,66
G219,6291,6292,93.87837587,88.02,62.21,81.18262632,86.2,4,1,2,6.5,6,5,1900,2019,27.8,18.689,0,0,66
G219,6292,6293,94.48637115,85.71,60.02,80.64675769,78.07,4,1,2,6.5,6,5,1900,2019,27.8,18.689,0,0,66
G219,6293,6294,94.88933949,88.27,73.23,78.85780634,67.23,4,1,2,6.5,6,5,1900,2019,27.8,18.689,0,0,66
G219,6294,6295,93.6622498,80.42,71.28,86.28329815,87.21,4,1,2,6.5,6,5,1900,2019,27.8,18.689,0,0,66
G219,6295,6296,93.72476231,86.2,72.35,84.71820108,76.54,4,1,2,6.5,6,5,1900,2019,27.8,18.689,0,0,66
G219,6296,6297,93.24597978,88.74,67.37,72.6774854,72.01,4,1,2,6.5,6,5,1900,2019,27.8,18.689,0,0,66
G219,6297,6298,93.72476231,90.11,71.61,82.83141008,74.62,4,1,2,6.5,6,5,1900,2019,27.8,18.689,0,0,66
G219,6298,6299,94.30546062,86.75,86.67,85.06465601,72.82,4,1,2,6.5,6,5,1900,2019,27.8,18.689,0,0,66
G219,6299,6300,88.98318372,90.56,74.2,87.09757152,83.29,4,1,1,5.5,5.5,4,1900,2017,6.185,4.158,0,0,0
G219,6300,6301,88.96324844,90.01,72.81,86.37269828,81.27238271,4,1,1,5.5,5.5,4,1900,2017,6.185,4.158,0,0,0
G219,6301,6302,89.26871856,86.95,77.18,87.19078891,81.27238271,4,1,1,5.5,5.5,4,1900,2017,6.185,4.158,0,0,0
G219,6302,6303,89.44514772,84.58,81.15,88.97402439,81.27238271,4,1,1,5.5,5.5,4,1900,2017,6.185,4.158,0,0,0
G219,6303,6304,89.26643568,84.84,81.06,88.97402439,81.27238271,4,1,1,5.5,5.5,4,1900,2017,6.185,4.158,0,0,0
G219,6304,6305,89.43958082,86.61,80.79,88.97402439,81.27238271,4,1,1,5.5,5.5,4,1900,2017,6.185,4.158,0,0,0
G219,6305,6306,87.10839929,91.19,76.38,86.370442,81.27238271,4,1,1,5.5,5.5,4,1900,2017,6.185,4.158,0,0,0
G219,6306,6307,84.3414777,86,81.39,72.48172877,61.40589376,4,2,1,5.5,5.5,20,1900,2017,1.277,0,0,0,0
G219,6307,6308,87.93555589,91.95,82.9,88.18180521,80.6437762,4,1,1,5.5,5.5,4,1900,2017,22.889,15.387,0,0,81
G219,6308,6309,91.16516151,87.01,74.38,87.05090919,81.15143835,4,1,1,5.5,5.5,4,1900,2017,22.889,15.387,0,0,81
G219,6309,6310,90.89872589,86.15,73.64,87.05090919,81.15143835,4,1,1,5.5,5.5,4,1900,2017,22.889,15.387,0,0,81
G219,6310,6311,63.34160512,90.41,83.99,47.760138,82.59667026,4,1,1,5.5,5.5,4,1900,2017,22.889,15.387,0,0,81
G219,6311,6312,82.73406985,73.27,79.11,77.88341966,81.15143835,4,1,1,5.5,5.5,4,1900,2017,22.889,15.387,0,0,81
G219,6312,6313,91.79086989,79.05,81.33,89.35868529,81.15143835,4,1,1,5.5,5.5,4,1900,2017,22.889,15.387,0,0,81
G219,6313,6314,82.05692303,81.71,77.55,69.21047372,81.15143835,4,1,1,5.5,5.5,4,1900,2017,22.889,15.387,0,0,81
G219,6314,6315,90.8696423,79.43,75.41,87.05090919,81.15143835,4,1,1,5.5,5.5,4,1900,2017,22.889,15.387,0,0,81
G219,6315,6316,92.08171886,81.52,66.8,83.32229762,81.21385639,4,1,1,5.5,5.5,4,1900,2017,22.889,15.387,0,0,81
G219,6316,6317,91.16486529,76.12525224,75.34,87.05090919,81.15143835,4,1,1,5.5,5.5,4,1900,2017,22.889,15.387,0,0,81
G219,6317,6318,91.78284776,85.86,76.06,87.3024874,81.15143835,4,1,1,5.5,5.5,4,1900,2017,22.889,15.387,0,0,81
G219,6318,6319,91.73344785,77.57,82.32,89.35868529,80.6437762,4,1,1,5.5,5.5,4,1900,2017,22.889,15.387,0,0,81
G219,6319,6320,92.15829433,80.45,64.85,82.95891511,81.21385639,4,1,1,5.5,5.5,4,1900,2017,22.889,15.387,0,0,81
G219,6320,6321,90.89872589,78.56,72.01,86.67544718,81.15143835,4,1,1,5.5,5.5,4,1900,2017,22.889,15.387,0,0,81
G219,6321,6322,91.55252984,85.64,79.98,88.77755905,81.15143835,4,1,1,5.5,5.5,4,1900,2017,22.889,15.387,0,0,81
G219,6322,6323,91.16869322,82.04,63.8,80.56304203,81.24594258,4,1,1,5.5,5.5,4,1900,2017,22.889,15.387,0,0,81
G219,6323,6324,90.89872589,87.96,75.3,87.05090919,81.15143835,4,1,1,5.5,5.5,4,1900,2017,22.889,15.387,0,0,81
G219,6324,6325,92.22390974,91.47,78.07,88.59249489,81.15143835,4,1,1,5.5,5.5,4,1900,2017,22.889,15.387,0,0,81
G219,6325,6326,92.19916301,90.95,79.67,88.59249489,81.15143835,4,1,1,5.5,5.5,4,1900,2017,22.889,15.387,0,0,81
G219,6326,6327,91.76086111,90.71,71.87,86.74196123,81.15143835,4,1,1,5.5,5.5,4,1900,2017,22.889,15.387,0,0,81
G219,6327,6328,91.55252984,87.65,79.51,88.77755905,81.15143835,4,1,1,5.5,5.5,4,1900,2017,22.889,15.387,0,0,81
G219,6328,6329,91.64743381,85.43,84.84,86.59677042,80.49590398,4,1,1,5.5,5.5,4,1900,2017,22.889,15.387,0,0,81
G219,6329,6330,91.4671341,87.27,27.27,75.24593979,81.18290526,4,1,1,5.5,5.5,4,1900,2017,22.889,15.387,0,0,81
G219,6330,6331,82.92960386,86.22,79.04,74.46539211,46.47425074,4,2,1,3.5,3.5,20,1900,2005,1.545,0.5,0,0,2
G219,6331,6332,85.73056755,53.59883918,75.01,72.432604,65.49225462,4,2,1,5.5,5.5,4,1900,2019,24.651,16.725,0,0,10
G219,6332,6333,87.77975434,65.94,74.27,82.97145805,78.41174446,4,1,1,5.5,5.5,4,1900,2019,24.651,16.725,0,0,10
G219,6333,6334,90.5884289,78.85,79.01,88.92517648,78.41174446,4,1,1,5.5,5.5,4,1900,2019,24.651,16.725,0,0,10
G219,6334,6335,84.51683027,44.79,79.31,78.49328221,78.41174446,4,1,1,5.5,5.5,4,1900,2019,24.651,16.725,0,0,10
G219,6335,6336,94,83.85,74.73,88.19508791,78.41174446,4,1,1,5.5,5.5,4,1900,2019,24.651,16.725,0,0,10
G219,6336,6337,93,82.21,80.12,89.50049335,78.41174446,4,1,1,5.5,5.5,4,1900,2019,24.651,16.725,0,0,10
G219,6337,6338,89,73.39,84.11,88.54180431,79.51369973,4,1,1,5.5,5.5,4,1900,2019,24.651,16.725,0,0,10
G219,6338,6339,77.2,51.83,77.15,54.6859614,78.41174446,4,1,1,5.5,5.5,4,1900,2019,24.651,16.725,0,0,10
G219,6339,6340,91.2,68.37,37.1,73.15702074,78.54907243,4,1,1,5.5,5.5,4,1900,2019,24.651,16.725,0,0,10
G219,6340,6341,92.1,77.97,79.31,89.3865428,78.41174446,4,1,1,5.5,5.5,4,1900,2019,24.651,16.725,0,0,10
G219,6341,6342,86.3,40.12,74.45,80.521454,78.41174446,4,1,1,5.5,5.5,4,1900,2019,24.651,16.725,0,0,10
G219,6342,6343,58.1,26.28,75.66,45.35331153,78.41174446,4,1,1,5.5,5.5,4,1900,2019,24.651,16.725,0,0,10
G219,6343,6344,89.9,52.74,87.76,81.29544336,76.02067396,4,1,1,5.5,5.5,4,1900,2019,24.651,16.725,0,0,10
G219,6344,6345,81.7,29.61,87.63,69.02564391,76.02067396,4,1,1,5.5,5.5,4,1900,2019,24.651,16.725,0,0,10
G219,6345,6346,85.9,53.02,86.67,79.52211153,76.02067396,4,1,1,5.5,5.5,4,1900,2019,24.651,16.725,0,0,10
G219,6346,6347,92.5,76.86,74.3,87.91147116,78.41174446,4,1,1,5.5,5.5,4,1900,2019,24.651,16.725,0,0,10
G219,6347,6348,87.1,71.3,85.77,86.15660507,77.19806645,4,1,1,5.5,5.5,4,1900,2019,24.651,16.725,0,0,10
G219,6348,6349,89.2,75.06,23.63,70.4864732,77.98953921,4,1,1,5.5,5.5,4,1900,2019,24.651,16.725,0,0,10
G219,6349,6350,89.8,76.23,82.78,82.68903066,77.90408231,4,1,1,5.5,5.5,4,1900,2019,24.651,16.725,0,0,10
G219,6350,6351,82.5,29.64,88.97,74.33410549,74.41251965,4,1,1,5.5,5.5,4,1900,2019,24.651,16.725,0,0,10
G219,6351,6352,91.6,79.99,87.21,88.14873036,76.02067396,4,1,1,5.5,5.5,4,1900,2019,24.651,16.725,0,0,10
G219,6352,6353,88.6,66.72,80.93,85.94674296,78.41174446,4,1,1,5.5,5.5,4,1900,2019,24.651,16.725,0,0,10
G219,6353,6354,90.2,73.84,78.96,88.92517648,78.41174446,4,1,1,5.5,5.5,4,1900,2019,24.651,16.725,0,0,10
G219,6354,6355,86.6,72.05,65.33,81.86324527,78.41174446,4,1,1,5.5,5.5,4,1900,2019,24.651,16.725,0,0,10
G219,6355,6356,91.8,84.31,73.58,88.19508791,78.41174446,4,1,1,5.5,5.5,4,1900,2019,24.651,16.725,0,0,10
G219,6356,6357,89.4,51.16,77.77,82.5332558,78.41174446,4,1,1,5.5,5.5,4,1900,2019,25.003,16.964,0,0,11
G219,6357,6358,91.2,84.61,79.77,89.41858134,78.41174446,4,1,1,5.5,5.5,4,1900,2019,25.003,16.964,0,0,11
G219,6358,6359,88.4,72.24,62.36,78.77628081,78.19854679,4,1,1,5.5,5.5,4,1900,2019,25.003,16.964,0,0,11
G219,6359,6360,91.7,69.61,58.18,78.49811707,78.51574186,4,1,1,5.5,5.5,4,1900,2019,25.003,16.964,0,0,11
G219,6360,6361,89.1,59.18,85.24,82.68361335,78.02961849,4,1,1,5.5,5.5,4,1900,2019,25.003,16.964,0,0,11
G219,6361,6362,84.6,46.66,17.87,62.69841488,77.72560263,4,1,1,5.5,5.5,4,1900,2019,25.003,16.964,0,0,11
G219,6362,6363,88.2,58.6,82.12,76.16951997,77.90408231,4,1,1,5.5,5.5,4,1900,2019,25.003,16.964,0,0,11
G219,6363,6364,80.7,71.56,88.41,75.02161582,75.50104448,4,1,1,5.5,5.5,4,1900,2019,25.003,16.964,0,0,11
G219,6364,6365,87.9,69.98,86.47,82.71504701,76.50443817,4,1,1,5.5,5.5,4,1900,2019,25.003,16.964,0,0,11
G219,6365,6366,90.5,68,86.85,85.8273194,76.02067396,4,1,1,5.5,5.5,4,1900,2019,25.003,16.964,0,0,11
G219,6366,6367,68.7,69.18,75.63,52.58830188,78.41174446,4,1,1,5.5,5.5,4,1900,2019,25.003,16.964,0,0,11
G219,6367,6368,86.9,74.95,85.27,88.56398635,78.02961849,4,1,1,5.5,5.5,4,1900,2019,25.003,16.964,0,0,11
G219,6368,6369,90.7,77.06,23,69.43735665,77.72560263,4,1,1,5.5,5.5,4,1900,2019,25.003,16.964,0,0,11
G219,6369,6370,92.9,82.98,84.29,89.11712117,78.84909315,4,1,1,5.5,5.5,4,1900,2019,25.003,16.964,0,0,11
G219,6370,6371,90.4,79.81,89.71,85.80057303,74.41251965,4,1,1,5.5,5.5,4,1900,2019,25.003,16.964,0,0,11
G219,6371,6372,89.1,77.67,85.53,89.3465396,79.22557689,4,1,1,5.5,5.5,4,1900,2019,25.003,16.964,0,0,11
G219,6372,6373,66.3,35.09,85.64,49.07964309,78.99138555,4,1,1,5.5,5.5,4,1900,2019,25.003,16.964,0,0,11
G219,6373,6374,87.5,72.22,66.07,80.74615201,79.71709887,4,1,1,5.5,5.5,4,1900,2019,25.003,16.964,0,0,11
G219,6374,6375,84.6,71.89,57.35,75.64814918,79.82109628,4,1,1,5.5,5.5,4,1900,2019,25.003,16.964,0,0,11
G219,6375,6376,65.8,51.29,70.68,43.48709687,79.71709887,4,1,1,5.5,5.5,4,1900,2019,25.003,16.964,0,0,11
G219,6376,6377,90.8,86.41,76.27,87.25197368,80.20506356,4,1,1,5.5,5.5,4,1900,2019,25.003,16.964,0,0,11
G219,6377,6378,90.1,84.16,84.01,88.82542106,81.30701883,4,1,1,5.5,5.5,4,1900,2019,25.003,16.964,0,0,11
G219,6378,6379,91.4,87.65,69.31,85.76646728,79.71709887,4,1,1,5.5,5.5,4,1900,2019,25.003,16.964,0,0,11
G219,6379,6380,90.9,84,68.08,85.5453551,79.71709887,4,1,1,5.5,5.5,4,1900,2019,25.003,16.964,0,0,11
G219,6380,6381,89.3,82.93,69.07,85.16590079,79.71709887,4,1,1,5.5,5.5,4,1900,2019,25.003,16.964,0,0,11
G219,6381,6382,90.5,86.14,62.13,79.28936167,81.18078839,4,1,1,4,3.5,4,1962,2013,32.15,21.613,0,0,96
G219,6382,6383,91.95808083,85.14,75.52,84.46738023,81.0436867,4,1,1,4,3.5,4,1962,2013,32.15,21.613,0,0,96
G219,6383,6384,92.7,80.99,33.44,74.50080282,80.96414785,4,1,1,4,3.5,4,1962,2013,32.15,21.613,0,0,96
G219,6384,6385,92.9,82.38,78.38,85.19524706,81.10956148,4,1,1,4,3.5,4,1962,2013,32.15,21.613,0,0,96
G219,6385,6386,91.2,83.2,80.92,85.77813428,80.76961283,4,1,1,4,3.5,4,1962,2013,32.15,21.613,0,0,96
G219,6386,6387,92.1,84.62,89.63,85.09159925,76.76585108,4,1,1,4,3.5,4,1962,2013,32.15,21.613,0,0,96
G219,6387,6388,94.3,87.53,70.38,84.27166324,81.59391627,4,1,1,4,3.5,4,1962,2013,32.15,21.613,0,0,96
G219,6388,6389,90.5,79.71,58.47,78.79303687,81.43940333,4,1,1,4,3.5,4,1962,2013,32.15,21.613,0,0,96
G219,6389,6390,93.8,87.21,85.04,86.75077481,80.38748686,4,1,1,4,3.5,4,1962,2013,32.15,21.613,0,0,96
G219,6390,6391,90.3,70.83,79.45,83.81198189,81.10956148,4,1,1,4,3.5,4,1962,2013,32.15,21.613,0,0,96
G219,6391,6392,92.1,64.36,82.63,81.36849582,80.26195068,4,1,1,4,3.5,4,1962,2013,32.15,21.613,0,0,96
G219,6392,6393,93.2,83.37,68.91,83.21346908,81.59391627,4,1,1,4,3.5,4,1962,2013,32.15,21.613,0,0,96
G219,6393,6394,93.2,83.85,73.92,84.64712525,81.74925548,4,1,1,4,3.5,4,1962,2013,32.15,21.613,0,0,96
G219,6394,6395,93.7,77.57,79.75,85.08129652,81.10956148,4,1,1,4,3.5,4,1962,2013,32.15,21.613,0,0,96
G219,6395,6396,92.1,81.08,65.52,80.41615222,81.59391627,4,1,1,4,3.5,4,1962,2013,32.15,21.613,0,0,96
G219,6396,6397,94.7,90.36,85.75,86.75077481,79.55593482,4,1,1,4,3.5,4,1962,2013,32.15,21.613,0,0,96
G219,6397,6398,90.6,84.16,80.56,85.56834617,81.10956148,4,1,1,4,3.5,4,1962,2013,32.15,21.613,0,0,96
G219,6398,6399,89.5,84.69,74.22,84.08968688,81.11478022,4,1,1,4,3.5,4,1962,2013,32.15,21.613,0,0,96
G219,6399,6400,92.7,87.53,69.02,83.21346908,81.59391627,4,1,1,4,3.5,4,1962,2013,32.15,21.613,0,0,96
G219,6400,6401,93.4,88.8,73.49,84.64712525,81.74925548,4,1,1,4,3.5,4,1962,2013,32.15,21.613,0,0,96
G219,6401,6402,91.6,86.68,62.3,79.66705502,81.18078839,4,1,1,4,3.5,4,1962,2013,32.15,21.613,0,0,96
G219,6402,6403,93,89.03,88.71,85.09159925,76.76585108,4,1,1,4,3.5,4,1962,2013,32.15,21.613,0,0,96
G219,6403,6404,92.7,89.03,66.43,80.66693547,81.59391627,4,1,1,4,3.5,4,1962,2013,32.15,21.613,0,0,96
G219,6404,6405,90.9,88.33,84.29,85.77813428,81.20696152,4,1,1,4,3.5,4,1962,2013,32.15,21.613,0,0,96
G219,6405,6406,88.6,67.47,73.49,81.03376292,81.74925548,4,1,1,4,3.5,4,1962,2013,32.15,21.613,0,0,96
G219,6406,6407,88.7,86.34,82.3,85.56834617,80.26195068,4,1,1,4,3.5,4,1962,2013,32.15,21.613,0,0,96
G219,6407,6408,84.5,75.16,64.33,76.78440038,81.69140437,4,1,1,4,3.5,4,1962,2013,32.15,21.613,0,0,96
G219,6408,6409,91.7,87.21,74.24,84.46738023,81.11478022,4,1,1,4,3.5,4,1962,2013,32.15,21.613,0,0,96
G219,6409,6410,90.3,81.87,82.22,85.28472942,80.26195068,4,1,1,4,3.5,4,1962,2013,32.15,21.613,0,0,96
G219,6410,6411,91.3,89.53,72.5,84.24119721,81.74925548,4,1,1,4,3.5,4,1962,2013,32.15,21.613,0,0,96
G219,6411,6412,92.4,87.65,63.41,79.84680004,81.69140437,4,1,1,4,3.5,4,1962,2013,32.15,21.613,0,0,96
G219,6412,6413,92.5,91.42,78.29,85.17984911,81.10956148,4,1,1,4,3.5,4,1962,2013,32.15,21.613,0,0,96
G219,6413,6414,90,88.02,78.07,87.37213403,81.8597652,4,1,1,4,3.5,4,1962,2013,21.959,14.762,0,0,66
G219,6414,6415,92.4,85.71,79.32,87.74982738,82.25766941,4,1,1,4,3.5,4,1962,2013,21.959,14.762,0,0,66
G219,6415,6416,93.4,88.27,42.99,78.42373577,82.6980866,4,1,1,4,3.5,4,1962,2013,21.959,14.762,0,0,66
G219,6416,6417,86.8,80.42,80.86,87.03050584,82.25766941,4,1,1,4,3.5,4,1962,2013,21.959,14.762,0,0,66
G219,6417,6418,90.9,86.2,82.28,87.98330336,81.41005861,4,1,1,4,3.5,4,1962,2013,21.959,14.762,0,0,66
G219,6418,6419,92.3,88.74,86.57,88.95594389,80.01041447,4,1,1,4,3.5,4,1962,2013,21.959,14.762,0,0,66
G219,6419,6420,92.6,90.11,77.71,87.74982738,82.19179463,4,1,1,4,3.5,4,1962,2013,21.959,14.762,0,0,66
G219,6420,6421,92.8,86.75,76.05,86.85229434,82.19179463,4,1,1,4,3.5,4,1962,2013,21.959,14.762,0,0,66
G219,6421,6422,92.4,90.56,75.91,86.85229434,82.19179463,4,1,1,4,3.5,4,1962,2013,21.959,14.762,0,0,66
G219,6422,6423,93.4,90.01,70.41,86.47683233,82.74202421,4,1,1,4,3.5,4,1962,2013,21.959,14.762,0,0,66
G219,6423,6424,93.3,86.95,85.46,89.13568892,81.53559479,4,1,1,4,3.5,4,1962,2013,21.959,14.762,0,0,66
G219,6424,6425,90.9,84.58,75.69,86.68438909,82.19179463,4,1,1,4,3.5,4,1962,2013,21.959,14.762,0,0,66
G219,6425,6426,92.8,84.84,72.72,86.47683233,82.89736341,4,1,1,4,3.5,4,1962,2013,21.959,14.762,0,0,66
G219,6426,6427,92.1,86.61,80.33,87.74982738,82.25766941,4,1,1,4,3.5,4,1962,2013,21.959,14.762,0,0,66
G219,6427,6428,93.6,91.19,52.58,80.69440642,82.53725042,4,1,1,4,3.5,4,1962,2013,21.959,14.762,0,0,66
G219,6428,6429,91.1,86,77.69,87.58192214,82.19179463,4,1,1,4,3.5,4,1962,2013,21.959,14.762,0,0,66
G219,6429,6430,93.2,91.95,68.63,85.233574,82.74202421,4,1,1,4,3.5,4,1962,2013,21.959,14.762,0,0,66
G219,6430,6431,93.8,87.01,74.31,86.85229434,82.26288815,4,1,1,4,3.5,4,1962,2013,21.959,14.762,0,0,66
G219,6431,6432,89.4,86.15,72.49,86.09913898,82.89736341,4,1,1,4,3.5,4,1962,2013,21.959,14.762,0,0,66
G219,6432,6433,94.3,90.41,80.17,87.74982738,82.25766941,4,1,1,4,3.5,4,1962,2013,21.959,14.762,0,0,66
G219,6433,6434,89.7,73.27,68.35,84.75732806,82.74202421,4,1,1,4,3.5,4,1962,2013,21.959,14.762,0,0,66
G219,6434,6435,84.5,79.05,75.11,83.06036991,82.19179463,4,1,1,4,3.5,4,1962,2013,21.959,14.762,0,0,66
G219,6435,6436,95,81.71,80.48,86.43994439,81.78921417,4,1,1,4,3.5,5,1962,2009,2.386,1.604,0,0,4
G219,6436,6437,91.06037192,79.43,80.01,86.06612283,81.78921417,4,1,1,4,3.5,5,1962,2009,2.386,1.604,0,0,4
G219,6437,6438,93.4,81.52,79.07,80.38941749,53.3519209,4,1,2,6.5,6,24,1962,2009,5.5,3.697,0,0,9
G219,6438,6439,86.58849543,76.12525224,87.76,72.63622248,38.95195983,4,2,2,6.5,6,24,1962,2009,5.5,3.697,0,0,9
G219,6439,6440,89.4,85.86,89.19,73.55897692,37.34380553,4,2,2,6.5,6,24,1962,2009,5.5,3.697,0,0,9
G219,6440,6441,86.9,77.57,82.55,72.01474269,41.03691488,4,2,2,6.5,6,24,1962,2009,5.5,3.697,0,0,9
G219,6441,6442,88.2,80.45,86.89,73.27536016,38.95195983,4,2,2,6.5,6,24,1962,2009,5.5,3.697,0,0,9
G219,6442,6443,87.8,78.56,81.63,72.22198336,41.54457702,4,2,2,6.5,6,24,1962,2009,5.5,3.697,0,0,9
G219,6443,6444,92.10338452,83.29,84.49,86.96364951,83.92,4,1,2,6.5,6,5,1962,2009,0.904,0.904,0,0,2
G219,6444,6445,88.3,78.37,84.95,87.92375008,78.56,4,1,2,6.5,6,5,1962,2009,12.939,8.577,0,0,29
G219,6445,6446,88.7,78.76,74.9,85.97188766,87.21,4,1,2,6.5,6,5,1962,2009,12.939,8.577,0,0,29
G219,6446,6447,93.4,88.52,75.25,80.58,80.08,4,1,2,6.5,6,5,1962,2009,12.939,8.577,0,0,29
G219,6447,6448,92.6,87.27,80.6,88.67,85.86,4,1,2,6.5,6,5,1962,2009,12.939,8.577,0,0,29
G219,6448,6449,86.3,83.13,80.48,80.98,89.31,4,1,2,6.5,6,5,1962,2009,12.939,8.577,0,0,29
G219,6449,6450,93.4,88.33,66.57,86.43,79.05,4,1,2,6.5,6,5,1962,2009,12.939,8.577,0,0,29
G219,6450,6451,92.6,80.9,47.5,89.55,81.96,4,1,2,6.5,6,5,1962,2009,12.939,8.577,0,0,29
G219,6451,6452,88.1,80.45,61.6,81.32,80.72,4,1,2,6.5,6,5,1962,2009,12.939,8.577,0,0,29
G219,6452,6453,93.1,83.21,74.59,82.67,64.76,4,1,2,6.5,6,5,1962,2009,12.939,8.577,0,0,29
G219,6453,6454,89.3,79.71,79.95,83.07,68,4,1,2,6.5,6,5,1962,2009,12.939,8.577,0,0,29
G219,6454,6455,65.5,73.73,83.91,66.63,84.92,4,1,2,6.5,6,5,1962,2009,12.939,8.577,0,0,29
G219,6455,6456,94,89.53,90.35,69.2,14.78,4,1,2,6.5,6,5,1962,2009,12.939,8.577,0,0,29
G219,6456,6457,92.3,86.27,84.49,91.97,16.94,4,1,2,6.5,6,5,1962,2009,12.939,8.577,0,0,29
G219,6457,6458,25.45441968,26.28,56.74,16.13,26.82,4,2,1,4,3.5,20,2009,,0.759,0.509,0,0,0
G219,6458,6459,70.56257094,53.153727,79.01,29.11,23.29290008,4,2,1,4.5,4,0,1996,2015,5.478,3.672,0,0,4
G219,6459,6460,76.61473146,51.69671164,75.41,33.79440761,26.50577236,4,3,1,4.5,4,0,1996,2015,5.478,3.672,0,0,4
G219,6460,6461,77.02240397,52.5036068,79.67,33.90399951,26.81686243,4,3,1,4.5,4,0,1996,2015,5.478,3.672,0,0,4
G219,6461,6462,76.78604507,51.69671164,77.07,33.79440761,26.50577236,4,3,1,4.5,4,0,1996,2015,5.478,3.672,0,0,4
G219,6462,6463,76.74146561,51.69671164,76.04,33.79440761,26.50577236,4,3,1,4.5,4,0,1996,2015,5.478,3.672,0,0,4
G219,6463,6464,78.63023266,58.04320036,78.97,48.23464975,24.09476409,4,3,1,4.5,4,0,1996,2015,31.054,20.819,0,0,24
G219,6464,6465,78.31926101,57.12572346,73.02,44.29250021,24.39443282,4,3,1,4.5,4,0,1996,2015,31.054,20.819,0,0,24
G219,6465,6466,77.21650326,55.86249531,87.46,37.32652846,23.18995432,4,3,1,4.5,4,0,1996,2015,31.054,20.819,0,0,24
G219,6466,6467,78.31926101,57.12572346,73.06,44.29250021,24.39443282,4,3,1,4.5,4,0,1996,2015,31.054,20.819,0,0,24
G219,6467,6468,78.63023266,58.04320036,79.03,48.23464975,24.09476409,4,3,1,4.5,4,0,1996,2015,31.054,20.819,0,0,24
G219,6468,6469,78.31926101,57.12572346,73.44,44.50996062,24.39443282,4,3,1,4.5,4,0,1996,2015,31.054,20.819,0,0,24
G219,6469,6470,78.25567833,57.23763449,76.43,44.50996062,23.94240763,4,3,1,4.5,4,0,1996,2015,31.054,20.819,0,0,24
G219,6470,6471,78.62978534,57.46492296,68.1,47.90759745,24.74396192,4,3,1,4.5,4,0,1996,2015,31.054,20.819,0,0,24
G219,6471,6472,78.63023266,57.2363052,78.01,48.23464975,23.69685988,4,3,1,4.5,4,0,1996,2015,31.054,20.819,0,0,24
G219,6472,6473,78.25567833,57.23763449,76.53,44.50996062,23.94240763,4,3,1,4.5,4,0,1996,2015,31.054,20.819,0,0,24
G219,6473,6474,78.31926101,57.38236473,71,44.29250021,24.39443282,4,3,1,4.5,4,0,1996,2015,31.054,20.819,0,0,24
G219,6474,6475,78.63023266,58.04320036,79.26,48.23464975,24.09476409,4,3,1,4.5,4,0,1996,2015,31.054,20.819,0,0,24
G219,6475,6476,77.79300733,58.55473968,88.5,45.61705776,22.0314929,4,3,1,4.5,4,0,1996,2015,31.054,20.819,0,0,24
G219,6476,6477,78.62978534,57.46492296,67.01,46.43040892,24.74396192,4,3,1,4.5,4,0,1996,2015,31.054,20.819,0,0,24
G219,6477,6478,78.62978534,57.46492296,67.26,46.43040892,24.74396192,4,3,1,4.5,4,0,1996,2015,31.054,20.819,0,0,24
G219,6478,6479,78.25567833,57.23763449,76.3,44.50996062,23.94240763,4,3,1,4.5,4,0,1996,2015,31.054,20.819,0,0,24
G219,6479,6480,78.63023266,58.04320036,79.92,48.23464975,24.3741982,4,3,1,4.5,4,0,1996,2015,31.054,20.819,0,0,24
G219,6480,6481,76.9836638,55.86249531,87.35,37.32652846,24.14535776,4,3,1,4.5,4,0,1996,2015,31.054,20.819,0,0,24
G219,6481,6482,78.34241903,57.87563328,83.77,44.76062309,25.71285062,4,3,1,4.5,4,0,1996,2015,31.054,20.819,0,0,24
G219,6482,6483,78.62978534,57.46492296,68.11,47.90759745,24.74396192,4,3,1,4.5,4,0,1996,2015,31.054,20.819,0,0,24
G219,6483,6484,78.31926101,57.38236473,72.01,44.29250021,24.39443282,4,3,1,4.5,4,0,1996,2015,31.054,20.819,0,0,24
G219,6484,6485,78.31926101,57.38236473,71.27,44.29250021,24.39443282,4,3,1,4.5,4,0,1996,2015,31.054,20.819,0,0,24
G219,6485,6486,78.63023266,57.2363052,78.07,48.23464975,23.69685988,4,3,1,4.5,4,0,1996,2015,31.054,20.819,0,0,24
G219,6486,6487,78.5804457,58.04452966,81.05,48.37572033,24.03424954,4,3,1,4.5,4,0,1996,2015,31.054,20.819,0,0,24
G219,6487,6488,78.5032707,57.22210414,85.36,48.74208878,24.70112067,4,3,1,4.5,4,0,1996,2015,31.054,20.819,0,0,24
G219,6488,6489,78.62382941,57.38103543,69.63,47.90759745,24.39443282,4,3,1,4.5,4,0,1996,2015,31.054,20.819,0,0,24
G219,6489,6490,78.31926101,57.12572346,73.75,44.50996062,24.39443282,4,3,1,4.5,4,0,1996,2015,31.054,20.819,0,0,24
G219,6490,6491,78.43235779,57.38236473,70.51,44.29250021,24.39443282,4,3,1,4.5,4,0,1996,2015,31.054,20.819,0,0,24
G219,6491,6492,78.63023266,58.04320036,80.39,48.23464975,24.3741982,4,3,1,4.5,4,0,1996,2015,31.054,20.819,0,0,24
G219,6492,6493,78.62978534,57.46492296,66.64,46.43040892,24.74396192,4,3,1,4.5,4,0,1996,2015,31.054,20.819,0,0,24
G219,6493,6494,78.63023266,58.04320036,79.74,48.23464975,24.3741982,4,3,1,4.5,4,0,1996,2015,31.054,20.819,0,0,24
G219,6494,6495,78.5032707,57.17978223,85.5,48.74208878,23.95110107,4,3,1,4.5,4,0,1996,2015,28.681,19.228,0,0,23
G219,6495,6496,78.91464571,60.37329798,86.97,50.99588443,23.39533816,4,3,1,4.5,4,0,1996,2015,28.681,19.228,0,0,23
G219,6496,6497,78.34241903,57.34060291,84.77,43.98032063,23.67769266,4,3,1,4.5,4,0,1996,2015,28.681,19.228,0,0,23
G219,6497,6498,78.34241903,57.34060291,84.75,43.98032063,23.67769266,4,3,1,4.5,4,0,1996,2015,28.681,19.228,0,0,23
G219,6498,6499,78.63023266,57.19398328,78.11,48.23464975,22.94684028,4,3,1,4.5,4,0,1996,2015,28.681,19.228,0,0,23
G219,6499,6500,78.20445401,57.19531258,77.44,44.50996062,23.27886971,4,3,1,4.5,4,0,1996,2015,28.681,19.228,0,0,23
G219,6500,6501,78.34241903,57.83331137,83.63,44.76062309,24.57734518,4,3,1,4.5,4,0,1996,2015,28.681,19.228,0,0,23
