路段起点,路段终点,2020,2021,2022,2023,2024,技术等级,面层类型,车道数量,路基宽度,路面宽度,面层厚度,修建年度,养护里程（公里）,已绿化里程（公里）,高边坡数量,高边坡长度,涵洞数量
4207,4208,93.59089571,88.45,53.89037133,81.20361646,88.45,3,1,2,7.5,6,5,1954,11.153,10,11,984,74
4208,4209,93.72043768,86.75,58.67368765,81.52689384,87.14,3,1,2,7.5,6,5,1954,11.153,10,11,984,74
4209,4210,93.50303825,86.96,57.11345294,81.13485451,92.57,3,1,2,7.5,6,5,1954,11.153,10,11,984,74
4210,4211,94.36217653,93.68,49.67650666,81.05377468,85.06,3,1,2,7.5,6,5,1954,11.153,10,11,984,74
4211,4212,93.83600573,86.61,58.75577138,81.37510669,82.8,3,1,2,7.5,6,5,1954,11.153,10,11,984,74
4212,4213,90.46460947,58.04,49.48025402,75.20705654,82.13,3,1,2,7.5,6,5,1954,11.153,10,11,984,74
4213,4214,93.68606392,84,57.89856614,80.83242257,83.53,3,1,2,7.5,6,5,1954,11.153,10,11,984,74
4214,4215,93.42218442,84.46,58.02760767,81.63938547,89.53,3,1,2,7.5,6,5,1954,11.153,10,11,984,74
4215,4216,93.72043768,85.43,59.31702844,81.52689384,86.48,3,1,2,7.5,6,5,1954,11.153,10,11,984,74
4216,4217,92.78841966,79.52,57.39376671,80.85123775,91.78,3,1,2,7.5,6,5,1954,11.153,10,11,984,74
4217,4218,94.2277901,89.03,58.32362151,81.52689384,86.88,3,1,2,7.5,6,5,1954,11.153,10,11,984,74
4218,4219,93.46400602,83.92,67.70657327,85.15846931,89.36,3,1,2,7.5,6,5,1954,28.543,28.128,6,769,62
4219,4220,94.4222317,90.71,69.73802554,85.44151426,91.42,3,1,2,7.5,6,5,1954,28.543,28.128,6,769,62
4220,4221,94.43613308,91.42,70.09244254,85.44151426,91.24,3,1,2,7.5,6,5,1954,28.543,28.128,6,769,62
4221,4222,94.5470911,92.25,68.62189612,85.29086946,86.61,3,1,2,7.5,6,5,1954,28.543,28.128,6,769,62
4222,4223,93.64276188,85.79,69.14782148,85.78534086,91.37,3,1,2,7.5,6,5,1954,28.543,28.128,6,769,62
4223,4224,94.44722017,91.64,70.09244254,85.4033611,88.51,3,1,2,7.5,6,5,1954,28.543,28.128,6,769,62
4224,4225,94.4222317,90.41,69.49897392,85.78534086,91.69,3,1,2,7.5,6,5,1954,28.543,28.128,6,769,62
4225,4226,94.61941838,92.12,68.38194915,81.95974931,93.89,3,1,2,7.5,6,5,1954,28.543,28.128,6,769,62
4226,4227,94.18950558,94.08,60.55420565,81.70350418,90.01,3,1,2,7.5,6,5,1954,28.543,28.128,6,769,62
4227,4228,94.12671408,91.05,68.56623549,84.85920966,92.81,3,1,2,7.5,6,5,1954,28.543,28.128,6,769,62
4228,4229,94.35377296,91.99,70.09244254,85.44151426,90.16,3,1,2,7.5,6,5,1954,28.543,28.128,6,769,62
4229,4230,94.0911952,90.51,68.71740436,85.78534086,92.45,3,1,2,7.5,6,5,1954,28.543,28.128,6,769,62
4230,4231,94.72504489,92.41,68.8315957,85.44151426,91.47,3,1,2,7.5,6,5,1954,28.543,28.128,6,769,62
4231,4232,94.12671408,91.14,67.9014142,84.27049127,92.85,3,1,2,7.5,6,5,1954,28.543,28.128,6,769,62
4232,4233,95.00992477,94.4,60.79243941,81.66535103,88.85,3,1,2,7.5,6,5,1954,28.543,28.128,6,769,62
4233,4234,93.61829948,85.86,69.03294463,85.63469606,87.14,3,1,2,7.5,6,5,1954,28.543,28.128,6,769,62
4234,4235,92.75897363,79.33,66.53073647,82.8045457,87.27,3,1,2,7.5,6,5,1954,28.543,28.128,6,769,62
4235,4236,93.50210613,86.2,66.81404844,83.23880725,92.92,3,1,2,7.5,6,5,1954,28.543,28.128,6,769,62
4236,4237,93.89326229,89.9,69.14643781,85.78534086,91.05,3,1,2,7.5,6,5,1954,28.543,28.128,6,769,62
4237,4238,94.3170443,90.36,69.43184924,85.7471877,88.56,3,1,2,7.5,6,5,1954,28.543,28.128,6,769,62
4238,4239,93.39391799,85.93,68.67903838,85.63469606,87.53,3,1,2,7.5,6,5,1954,28.543,28.128,6,769,62
4239,4240,93.49108931,86.14,68.28617579,85.7471877,88.39,3,1,2,7.5,6,5,1954,28.543,28.128,6,769,62
4240,4241,93.58713831,84.84,69.02430319,85.7471877,89.31,3,1,2,7.5,6,5,1954,28.543,28.128,6,769,62
4241,4242,93.15730963,85.43,65.43457897,83.27164076,92.12,3,1,2,7.5,6,5,1954,28.543,28.128,6,769,62
4242,4243,94.05343118,89.36,66.6066755,82.75663029,80.81,3,1,2,7.5,6,5,1954,28.543,28.128,6,769,62
4243,4244,93.74755319,88.02,67.09851583,83.23880725,91.1,3,1,2,7.5,6,5,1954,28.543,28.128,6,769,62
4244,4245,93.63724411,85.36,69.14782148,85.7471877,89.58,3,1,2,7.5,6,5,1954,28.543,28.128,6,769,62
4245,4246,93.63724411,85.21,69.02430319,85.7471877,89.14,3,1,2,7.5,6,5,1954,28.543,28.128,6,769,62
4246,4247,93.49108931,87.27,66.91887676,83.20065409,88.09,3,1,2,7.5,6,5,1954,28.543,28.128,6,769,62
4247,4248,93.0334698,86.34,62.71089041,80.55610711,89.47,3,1,2,7.5,6,5,1954,39.897,39.338,0,0,100
4248,4249,93.40867304,89.36,63.99919491,80.55610711,89.36,3,1,2,7.5,6,5,1954,39.897,39.338,0,0,100
4249,4250,92.91802218,87.65,59.22334782,80.34339907,88.62,3,1,2,7.5,6,5,1954,39.897,39.338,0,0,100
4250,4251,93.00691248,85.06,62.52045229,80.55610711,89.63,3,1,2,7.5,6,5,1954,39.897,39.338,0,0,100
4251,4252,93.5203555,89.79,64.64133915,80.44361547,86.68,3,1,2,7.5,6,5,1954,39.897,39.338,0,0,100
4252,4253,92.67069477,86.14,60.59699978,80.38155222,90.46,3,1,2,7.5,6,5,1954,39.897,39.338,0,0,100
4253,4254,92.7962685,88.51,58.14834555,80.34339907,88.45,3,1,2,7.5,6,5,1954,39.897,39.338,0,0,100
4254,4255,92.50387132,85.36,60.57888293,80.38155222,90.91,3,1,2,7.5,6,5,1954,39.897,39.338,0,0,100
4255,4256,92.34281483,85.57,60.57888293,80.38155222,90.95,3,1,2,7.5,6,5,1954,39.897,39.338,0,0,100
4256,4257,92.91802218,87.72,59.22334782,80.34339907,88.09,3,1,2,7.5,6,5,1954,39.897,39.338,0,0,100
4257,4258,92.5658955,87.59,58.42481168,80.38155222,92.45,3,1,2,7.5,6,5,1954,39.897,39.338,0,0,100
4258,4259,93.44898555,89.9,64.72367443,80.59426027,91.82,3,1,2,7.5,6,5,1954,39.897,39.338,0,0,100
4259,4260,94.08127954,93.18,63.13103004,76.24845847,56.62,3,1,2,7.5,6,5,1954,39.897,39.338,0,0,100
4260,4261,87.48192531,40.54,56.00012677,72.96117912,86.88,3,1,2,7.5,6,5,1954,39.897,39.338,0,0,100
4261,4262,93.10967794,83.29,63.33173477,80.41604251,86.07,3,1,2,7.5,6,5,1954,39.897,39.338,0,0,100
4262,4263,92.30115403,80.45,59.84402564,80.05978231,89.25,3,1,2,7.5,6,5,1954,39.897,39.338,0,0,100
4263,4264,93.0334698,86.48,62.71089041,80.55610711,89.14,3,1,2,7.5,6,5,1954,39.897,39.338,0,0,100
4264,4265,92.29435247,82.88,60.31743569,80.21188601,91.42,3,1,2,7.5,6,5,1954,39.897,39.338,0,0,100
4265,4266,92.8870953,88.27,56.58249425,79.8388681,91.47,3,1,2,7.5,6,5,1954,39.897,39.338,0,0,100
4266,4267,93.0334698,87.21,61.61905333,80.34339907,89.31,3,1,2,7.5,6,5,1954,39.897,39.338,0,0,100
4267,4268,91.21792739,88.51,57.56138033,79.72351037,90.01,3,1,2,7.5,6,5,1954,39.897,39.338,0,0,100
4268,4269,92.8870953,87.78,59.88070266,80.38155222,91.51,3,1,2,7.5,6,5,1954,39.897,39.338,0,0,100
4269,4270,93.27439504,87.14,63.9439389,80.59426027,89.85,3,1,2,7.5,6,5,1954,39.897,39.338,0,0,100
4270,4271,93.40867304,89.36,63.99919491,80.55610711,89.25,3,1,2,7.5,6,5,1954,39.897,39.338,0,0,100
4271,4272,92.91802218,86.68,60.3151849,80.34339907,88.33,3,1,2,7.5,6,5,1954,39.897,39.338,0,0,100
4272,4273,92.82085086,85.21,60.46933047,80.23090743,87.84,3,1,2,7.5,6,5,1954,39.897,39.338,0,0,100
4273,4274,92.82085086,86,60.24826507,80.34339907,87.9,3,1,2,7.5,6,5,1954,39.897,39.338,0,0,100
4274,4275,92.3697527,84.31,60.14259349,80.23090743,87.65,3,1,2,7.5,6,5,1954,39.897,39.338,0,0,100
4275,4276,92.93621951,83.37,59.98681783,80.34339907,88.27,3,1,2,7.5,6,5,1954,39.897,39.338,0,0,100
4276,4277,92.89531818,83.85,61.03924324,80.38155222,91.47,3,1,2,7.5,6,5,1954,39.897,39.338,0,0,100
4277,4278,92.54207927,81.61,60.13359529,80.09793547,89.95,3,1,2,7.5,6,5,1954,39.897,39.338,0,0,100
4278,4279,92.47757253,87.14,58.89661084,80.34339907,89.03,3,1,2,7.5,6,5,1954,39.897,39.338,0,0,100
4279,4280,92.47757253,85.64,59.92152809,80.34339907,89.03,3,1,2,7.5,6,5,1954,39.897,39.338,0,0,100
4280,4281,92.91802218,87.27,59.22334782,80.34339907,88.62,3,1,2,7.5,6,5,1954,39.897,39.338,0,0,100
4281,4282,91.42228328,84.08,59.53778156,80.35108619,90.81,3,1,2,7.5,6,5,1954,39.897,39.338,0,0,100
4282,4283,92.4825822,88.51,58.47896341,80.38155222,90.11,3,1,2,7.5,6,5,1954,39.897,39.338,0,0,100
4283,4284,93.88077563,91.86,65.20391669,81.06524944,88.45,3,1,2,7.5,6,5,1954,39.897,39.338,0,0,100
4284,4285,92.46692402,84.62,59.7980098,80.34339907,88.09,3,1,2,7.5,6,5,1954,39.897,39.338,0,0,100
4285,4286,93.30390919,86.88,65.9106184,81.26901144,83.29,3,1,2,7.5,6,5,1954,39.897,39.338,0,0,100
4286,4287,93.67273382,85.93,71.06815845,85.66213933,93.82,3,1,2,7.5,6,5,1954,14.407,14.094,1,74,39
4287,4288,93.95014399,90.76,72.05514862,87.28353547,90.51,3,1,2,7.5,6,5,1954,14.407,14.094,1,74,39
4288,4289,93.56827304,89.14,71.20857613,87.16909847,91.47,3,1,2,7.5,6,5,1954,14.407,14.094,1,74,39
4289,4290,91.43291782,88.62,67.52083059,85.49171988,91.37,3,1,2,7.5,6,5,1954,14.407,14.094,1,74,39
4290,4291,92.34212722,89.47,68.66343313,86.11090431,91.56,3,1,2,7.5,6,5,1954,14.407,14.094,1,74,39
4291,4292,93.42897857,91.19,70.56936785,87.28353547,90.01,3,1,2,7.5,6,5,1954,14.407,14.094,1,74,39
4292,4293,93.12052972,88.85,68.57100571,86.11090431,90.06,3,1,2,7.5,6,5,1954,14.407,14.094,1,74,39
4293,4294,93.26907776,88.51,67.81384679,85.52218591,91.19,3,1,2,7.5,6,5,1954,14.407,14.094,1,74,39
4294,4295,92.69527448,86,69.9433375,86.11090431,90.95,3,1,2,7.5,6,5,1954,14.407,14.094,1,74,39
4295,4296,93.49379282,88.97,70.41436042,87.13094531,88.85,3,1,2,7.5,6,5,1954,14.407,14.094,1,74,39
4296,4297,93.49379282,89.14,70.41436042,87.13094531,88.8,3,1,2,7.5,6,5,1954,14.407,14.094,1,74,39
4297,4298,92.91468287,84.92,69.34870925,86.11090431,90.21,3,1,2,7.5,6,5,1954,14.407,14.094,1,74,39
4298,4299,93.11858958,87.53,68.47807476,86.07275115,88.8,3,1,2,7.5,6,5,1954,14.407,14.094,1,74,39
4299,4300,93.11858958,87.21,68.47807476,86.07275115,88.62,3,1,2,7.5,6,5,1954,14.407,14.094,1,74,39
4300,4301,92.37798203,80.27,69.82913825,85.82728755,89.85,3,1,2,7.5,6,5,1954,14.407,14.094,1,74,39
4301,4302,93.20049111,89.42,48.51023715,80.28424586,87.21,3,1,2,7.5,6,5,1954,1.784,1.704,0,0,2
4302,4303,92.10549455,86.41,50.13525847,80.28424586,87.46,3,1,2,7.5,6,5,1954,1.784,1.704,0,0,2
4303,4304,93.48286902,86.27,71.92122704,87.17054285,87.01,3,1,2,7.5,6,5,1954,22.241,22.188,1,79,66
4304,4305,93.50181365,86.14,71.0022786,87.28303449,89.31,3,1,2,7.5,6,5,1954,22.241,22.188,1,79,66
4305,4306,93.35565885,87.14,70.03707006,86.22484032,88.09,3,1,2,7.5,6,5,1954,22.241,22.188,1,79,66
4306,4307,94.01699994,89.63,71.31504355,87.0187557,82.72,3,1,2,7.5,6,5,1954,22.241,22.188,1,79,66
4307,4308,91.010004,75.91,65.66283061,83.13916703,90.51,3,1,2,7.5,6,5,1954,22.241,22.188,1,79,66
4308,4309,94.23913641,90.21,71.73402564,87.28303449,88.8,3,1,2,7.5,6,5,1954,22.241,22.188,1,79,66
4309,4310,93.38005997,88.51,68.96206779,86.22484032,89.69,3,1,2,7.5,6,5,1954,22.241,22.188,1,79,66
4310,4311,94.051097,91.05,71.88903307,87.43562464,90.71,3,1,2,7.5,6,5,1954,22.241,22.188,1,79,66
4311,4312,93.34632822,86.34,70.77964568,87.32118764,91.99,3,1,2,7.5,6,5,1954,22.241,22.188,1,79,66
4312,4313,94.09061123,90.26,69.94659214,86.26299348,93.26,3,1,2,7.5,6,5,1954,22.241,22.188,1,79,66
4313,4314,95.22511424,92.33,61.96740943,72.53224105,37.64,3,1,2,7.5,6,5,1954,22.241,22.188,1,79,66
4314,4315,94.07478519,89.85,71.73402564,87.28303449,89.74,3,1,2,7.5,6,5,1954,22.241,22.188,1,79,66
4315,4316,93.35565885,87.9,69.83434684,86.22484032,87.96,3,1,2,7.5,6,5,1954,22.241,22.188,1,79,66
4316,4317,93.25848753,85.57,69.68057534,86.11234868,87.84,3,1,2,7.5,6,5,1954,22.241,22.188,1,79,66
4317,4318,92.82239014,82.88,69.02707642,86.09332727,91.82,3,1,2,7.5,6,5,1954,22.241,22.188,1,79,66
4318,4319,94.01699994,89.53,71.35743627,87.0187557,82.3,3,1,2,7.5,6,5,1954,22.241,22.188,1,79,66
4319,4320,93.08524944,83.29,69.32387009,86.11234868,87.59,3,1,2,7.5,6,5,1954,22.241,22.188,1,79,66
4320,4321,92.58228839,82.88,68.74790488,86.05517411,88.8,3,1,2,7.5,6,5,1954,22.241,22.188,1,79,66
4321,4322,93.95250729,85.57,72.19062854,87.0187557,84.69,3,1,2,7.5,6,5,1954,22.241,22.188,1,79,66
4322,4323,92.5788958,80.54,67.39500327,76.84549305,89.14,3,1,2,7.5,6,5,1954,22.241,22.188,1,79,66
4323,4324,91.94587967,84.54,68.37444054,86.26299348,90.56,3,1,2,7.5,6,5,1954,22.241,22.188,1,79,66
4324,4325,94.16571478,91.28,71.88903307,87.43562464,90.16,3,1,2,7.5,6,5,1954,22.241,22.188,1,79,66
4325,4326,93.30533963,90.56,69.57918237,84.55937448,90.71,3,1,2,7.5,6,5,1954,34.681,33.033,0,0,109
4326,4327,93.67340423,91,69.27380266,84.17739473,87.96,3,1,2,7.5,6,5,1954,34.681,33.033,0,0,109
4327,4328,93.88917261,87.14,69.04483812,83.16687328,93.54,3,1,2,7.5,6,5,1954,34.681,33.033,0,0,109
4328,4329,93.714368,92.57,69.3940843,83.91311594,83.13,3,1,2,7.5,6,5,1954,34.681,33.033,0,0,109
4329,4330,93.35205481,83.77,69.27998839,84.55937448,92.81,3,1,2,7.5,6,5,1954,34.681,33.033,0,0,109
4330,4331,93.75946308,91.64,71.45093355,84.79156509,81.44,3,1,2,7.5,6,5,1954,34.681,33.033,0,0,109
4331,4332,95.51036612,91.37,63.63089092,72.54867332,35.75,3,1,2,7.5,6,5,1954,34.681,33.033,0,0,109
4332,4333,93.51202619,91.05,69.32602246,84.21554788,90.11,3,1,2,7.5,6,5,1954,34.681,33.033,0,0,109
4333,4334,93.12433887,84.99,67.68723314,83.93250293,88.09,3,1,2,7.5,6,5,1954,34.681,33.033,0,0,109
4334,4335,92.59203884,80.18,67.40494366,75.02938242,86.41,3,1,2,7.5,6,5,1954,34.681,33.033,0,0,109
4335,4336,91.9764733,79.99,66.32997557,81.76205763,92.29,3,1,2,7.5,6,5,1954,34.681,33.033,0,0,109
4336,4337,93.61002156,86.07,69.79417414,84.25694255,84.31,3,1,2,7.5,6,5,1954,34.681,33.033,0,0,109
4337,4338,89.96772792,75.06,65.06187209,81.26253815,89.08,3,1,2,7.5,6,5,1954,34.681,33.033,0,0,109
4338,4339,92.82716379,86.14,67.86208036,83.8200113,87.4,3,1,2,7.5,6,5,1954,34.681,33.033,0,0,109
4339,4340,90.90833316,76.54,65.3445582,81.47232625,88.39,3,1,2,7.5,6,5,1954,34.681,33.033,0,0,109
4340,4341,89.34103628,72.48,64.98780408,81.27298977,87.14,3,1,2,7.5,6,5,1954,34.681,33.033,0,0,109
4341,4342,92.41858042,80.81,66.72213703,81.69107096,88.02,3,1,2,7.5,6,5,1954,34.681,33.033,0,0,109
4342,4343,89.50352447,78.76,64.05223921,80.32708635,84.92,3,1,2,7.5,6,5,1954,34.681,33.033,0,0,109
4343,4344,92.74158624,82.13,68.05917505,84.08727634,85.79,3,1,2,7.5,6,5,1954,34.681,33.033,0,0,109
4344,4345,89.39997809,73.28,65.55128434,81.26253815,88.45,3,1,2,7.5,6,5,1954,34.681,33.033,0,0,109
4345,4346,92.30861468,80.72,64.95474245,81.94385354,93.04,3,1,2,7.5,6,5,1954,34.681,33.033,0,0,109
4346,4347,93.21524261,92.12,67.01590005,81.66901427,90.06,3,1,2,7.5,6,5,1954,34.681,33.033,0,0,109
4347,4348,93.03153756,89.42,67.97195948,83.97065609,91.33,3,1,2,7.5,6,5,1954,34.681,33.033,0,0,109
4348,4349,93.27710806,90.06,69.05289438,84.52122133,88.15,3,1,2,7.5,6,5,1954,34.681,33.033,0,0,109
4349,4350,92.86791707,87.27,67.05595792,82.01284087,90.26,3,1,2,7.5,6,5,1954,34.681,33.033,0,0,109
4350,4351,93.57302205,90.01,69.92070233,79.70113122,69.86,3,1,2,7.5,6,5,1954,34.681,33.033,0,0,109
4351,4352,93.45547629,91.37,69.83160833,84.21554788,90.06,3,1,2,7.5,6,5,1954,34.681,33.033,0,0,109
4352,4353,93.204503,89.53,67.97195948,83.97065609,91.47,3,1,2,7.5,6,5,1954,34.681,33.033,0,0,109
4353,4354,94.04163811,91.51,70.99058649,79.05961645,94.34,3,1,2,7.5,6,5,1954,34.681,33.033,0,0,109
4354,4355,93.85122387,93.85,60.65132859,75.89958432,93.75,3,1,2,7.5,6,5,1954,34.681,33.033,0,0,109
4355,4356,93.37662065,92.08,68.09683495,84.17739473,88.27,3,1,2,7.5,6,5,1954,34.681,33.033,0,0,109
4356,4357,93.27424881,84.92,70.83287106,85.31513671,85.36,3,1,2,7.5,6,5,1954,34.681,33.033,0,0,109
4357,4358,92.41858042,81.08,66.72213703,81.69107096,88.02,3,1,2,7.5,6,5,1954,34.681,33.033,0,0,109
4358,4359,91.08179159,77.67,65.16004928,81.35983462,87.27,3,1,2,7.5,6,5,1954,34.681,33.033,0,0,109
4359,4360,92.41858042,79.43,67.19130936,81.69107096,88.91,3,1,2,7.5,6,5,1954,34.681,33.033,0,0,109
4360,4361,93.20329464,88.09,58.37659598,80.35423313,90.71,3,1,2,7.5,6,5,1954,40.382,40.013,3,396,95
4361,4362,93.33980577,84.46,61.94088571,80.17601537,86.34,3,1,2,7.5,6,5,1954,40.382,40.013,3,396,95
4362,4363,92.18923476,80.72,57.18737651,79.52793225,91,3,1,2,7.5,6,5,1954,40.382,40.013,3,396,95
4363,4364,94.09961354,87.53,58.27509058,79.99627035,80.9,3,1,2,7.5,6,5,1954,40.382,40.013,3,396,95
4364,4365,93.20813556,82.38,60.29354576,80.00634916,85.5,3,1,2,7.5,6,5,1954,40.382,40.013,3,396,95
4365,4366,93.20813556,82.63,59.95158563,80.00634916,86.07,3,1,2,7.5,6,5,1954,40.382,40.013,3,396,95
4366,4367,93.92466931,83.92,62.87964478,80.38872342,83.04,3,1,2,7.5,6,5,1954,40.382,40.013,3,396,95
4367,4368,93.01308554,79.62,59.65343217,80.03246322,87.96,3,1,2,7.5,6,5,1954,40.382,40.013,3,396,95
4368,4369,93.92596769,90.11,62.69718373,80.52878802,89.74,3,1,2,7.5,6,5,1954,40.382,40.013,3,396,95
4369,4370,93.93021924,88.8,62.29374885,80.38872342,83.21,3,1,2,7.5,6,5,1954,40.382,40.013,3,396,95
4370,4371,93.80910126,83.45,63.28138999,80.41629638,86.75,3,1,2,7.5,6,5,1954,40.382,40.013,3,396,95
4371,4372,93.92466931,83.61,63.41528979,80.38872342,82.63,3,1,2,7.5,6,5,1954,40.382,40.013,3,396,95
4372,4373,93.00057735,80.81,59.65343217,80.03246322,89.36,3,1,2,7.5,6,5,1954,40.382,40.013,3,396,95
4373,4374,94.07792058,90.31,63.23356023,80.56694118,91.73,3,1,2,7.5,6,5,1954,40.382,40.013,3,396,95
4374,4375,94.20949726,90.41,62.96254904,80.38872342,85.93,3,1,2,7.5,6,5,1954,40.382,40.013,3,396,95
4375,4376,94.07657088,85.71,62.66415379,80.38872342,84.39,3,1,2,7.5,6,5,1954,40.382,40.013,3,396,95
4376,4377,93.2735417,83.77,61.37250871,80.35423313,92.33,3,1,2,7.5,6,5,1954,40.382,40.013,3,396,95
4377,4378,94.18860395,90.86,62.12485396,80.18496142,89.14,3,1,2,7.5,6,5,1954,40.382,40.013,3,396,95
4378,4379,92.00341272,88.68,56.41740483,79.63333125,86.27,3,1,2,7.5,6,5,1954,40.382,40.013,3,396,95
4379,4380,93.82122147,85.5,61.21259851,77.79680081,93.11,3,1,2,7.5,6,5,1954,40.382,40.013,3,396,95
4380,4381,94.4370343,94.15,53.32296451,79.53648436,88.51,3,1,2,7.5,6,5,1954,40.382,40.013,3,396,95
4381,4382,91.85729353,88.62,56.083184,79.77339585,88.51,3,1,2,7.5,6,5,1954,40.382,40.013,3,396,95
4382,4383,93.61744551,86.48,62.09517085,80.52878802,88.27,3,1,2,7.5,6,5,1954,40.382,40.013,3,396,95
4383,4384,93.79090393,86.75,63.41005424,80.38872342,86.07,3,1,2,7.5,6,5,1954,40.382,40.013,3,396,95
4384,4385,93.97381836,85.71,63.19333052,80.56694118,89.9,3,1,2,7.5,6,5,1954,40.382,40.013,3,396,95
4385,4386,93.37011809,86.48,62.14739065,80.56694118,90.41,3,1,2,7.5,6,5,1954,40.382,40.013,3,396,95
4386,4387,93.62580262,89.53,61.53210423,80.31607997,88.97,3,1,2,7.5,6,5,1954,40.382,40.013,3,396,95
4387,4388,92.27829866,88.74,56.32428925,79.66090421,87.53,3,1,2,7.5,6,5,1954,40.382,40.013,3,396,95
4388,4389,93.33025522,87.9,59.74899932,80.35423313,92.08,3,1,2,7.5,6,5,1954,40.382,40.013,3,396,95
4389,4390,93.54380625,89.08,61.58432403,80.35423313,90.46,3,1,2,7.5,6,5,1954,40.382,40.013,3,396,95
4390,4391,93.52027419,88.27,56.69789983,79.77339585,87.9,3,1,2,7.5,6,5,1954,40.382,40.013,3,396,95
4391,4392,91.78182828,77.57,54.02501824,79.59669421,89.36,3,1,2,7.5,6,5,1954,40.382,40.013,3,396,95
4392,4393,93.73289312,86.34,62.5686853,80.52878802,89.69,3,1,2,7.5,6,5,1954,40.382,40.013,3,396,95
4393,4394,93.79090393,85.93,63.14776665,80.41629638,86.55,3,1,2,7.5,6,5,1954,40.382,40.013,3,396,95
4394,4395,93.18654397,79.43,59.92156045,79.91997158,86.41,3,1,2,7.5,6,5,1954,40.382,40.013,3,396,95
4395,4396,93.01308554,79.43,59.65343217,80.03246322,88.27,3,1,2,7.5,6,5,1954,40.382,40.013,3,396,95
4396,4397,93.61744551,85.93,62.02825102,80.31607997,88.51,3,1,2,7.5,6,5,1954,40.382,40.013,3,396,95
4397,4398,93.33980577,84.39,61.94088571,80.17601537,85.64,3,1,2,7.5,6,5,1954,40.382,40.013,3,396,95
4398,4399,93.39694198,82.55,60.54215959,80.00634916,84.31,3,1,2,7.5,6,5,1954,40.382,40.013,3,396,95
4399,4400,89.99460513,65.55,52.00418218,75.58683135,88.02,3,1,2,7.5,6,5,1954,40.382,40.013,3,396,95
4400,4401,93.19380083,89.34,68.71849117,86.13434757,89.63,3,1,2,7.5,6,5,1954,27.298,26.022,1,126,56
4401,4402,93.06813885,89.08,67.59587896,85.58378233,92.41,3,1,2,7.5,6,5,1954,27.298,26.022,1,126,56
4402,4403,93.97477357,92.04,70.74623568,87.04269996,84.39,3,1,2,7.5,6,5,1954,27.298,26.022,1,126,56
4403,4404,92.06984645,80.18,69.25243572,85.85073082,88.27,3,1,2,7.5,6,5,1954,27.298,26.022,1,126,56
4404,4405,93.12029979,86.61,70.19066259,87.19254173,88.21,3,1,2,7.5,6,5,1954,27.298,26.022,1,126,56
4405,4406,93.24750997,88.39,65.946695,83.29700397,87.14,3,1,2,7.5,6,5,1954,27.298,26.022,1,126,56
4406,4407,92.99720607,87.01,69.91416013,86.17250073,90.06,3,1,2,7.5,6,5,1954,27.298,26.022,1,126,56
4407,4408,92.30009534,89.08,68.16418778,86.17250073,90.01,3,1,2,7.5,6,5,1954,27.298,26.022,1,126,56
4408,4409,93.39385888,88.97,70.51488423,87.0800501,86.61,3,1,2,7.5,6,5,1954,27.298,26.022,1,126,56
4409,4410,93.26645459,86.48,70.6014369,87.19254173,89.36,3,1,2,7.5,6,5,1954,27.298,26.022,1,126,56
4410,4411,93.12029979,88.09,67.89273972,85.54562918,88.02,3,1,2,7.5,6,5,1954,27.298,26.022,1,126,56
4411,4412,92.71910022,84.92,69.32057386,86.17250073,90.86,3,1,2,7.5,6,5,1954,27.298,26.022,1,126,56
4412,4413,93.1059468,89.03,68.71849117,86.13434757,89.03,3,1,2,7.5,6,5,1954,27.298,26.022,1,126,56
4413,4414,92.19705662,80.08,69.48401825,85.58645204,85.93,3,1,2,7.5,6,5,1954,27.298,26.022,1,126,56
4414,4415,92.94673639,83.37,69.4241319,86.02185593,86.55,3,1,2,7.5,6,5,1954,27.298,26.022,1,126,56
4415,4416,93.07042966,88.91,68.41116664,86.17250073,90.66,3,1,2,7.5,6,5,1954,27.298,26.022,1,126,56
4416,4417,93.45935904,86.88,72.97348539,86.74851793,80.72,3,1,2,7.5,6,5,1954,27.298,26.022,1,126,56
4417,4418,93.06002595,84.31,69.41643658,86.13434757,89.14,3,1,2,7.5,6,5,1954,27.298,26.022,1,126,56
4418,4419,93.37676367,87.27,70.44357584,87.23069489,91.1,3,1,2,7.5,6,5,1954,27.298,26.022,1,126,56
4419,4420,91.82150021,89.47,67.96059904,85.54562918,88.68,3,1,2,7.5,6,5,1954,27.298,26.022,1,126,56
4420,4421,92.99720607,86.68,70.19066259,87.23069489,90.21,3,1,2,7.5,6,5,1954,27.298,26.022,1,126,56
4421,4422,93.04764603,89.14,68.71849117,86.13434757,88.51,3,1,2,7.5,6,5,1954,27.298,26.022,1,126,56
4422,4423,92.8947866,89.53,68.49092476,86.17250073,90.71,3,1,2,7.5,6,5,1954,27.298,26.022,1,126,56
4423,4424,93.57594592,91.24,71.60397379,87.30697874,88.09,3,1,2,7.5,6,5,1954,27.298,26.022,1,126,56
4424,4425,93.06356495,86.68,70.19066259,87.23069489,90.41,3,1,2,7.5,6,5,1954,27.298,26.022,1,126,56
4425,4426,94.25795939,91.14,67.55075002,79.88502293,63.16,3,1,2,7.5,6,5,1954,27.298,26.022,1,126,56
4426,4427,93.60770421,89.79,66.61519961,77.81277071,53.75,3,1,2,7.5,6,5,1954,27.298,26.022,1,126,56
4427,4428,91.39968491,90.01,66.87744034,83.40521149,90.71,3,1,2,7.5,6.5,5,1954,19.622,0,0,0,47
4428,4429,91.68993858,84.16,69.50078677,85.83156635,87.08,3,1,2,7.5,6.5,5,1954,19.622,0,0,0,47
4429,4430,91.88841018,85.28,68.90761151,85.94405798,89.36,3,1,2,7.5,6.5,5,1954,19.622,0,0,0,47
4430,4431,91.76180829,86.95,69.28181677,85.98221114,89.95,3,1,2,7.5,6.5,5,1954,19.622,0,0,0,47
4431,4432,92.12513184,89.25,67.84976946,85.24284795,86.48,3,1,2,7.5,6.5,5,1954,19.622,0,0,0,47
4432,4433,92.57863726,85.21,69.6045476,85.50003418,78.56,3,1,2,7.5,6.5,5,1954,19.622,0,0,0,47
4433,4434,90.26930315,78.27,67.27971314,83.33988967,86.14,3,1,2,7.5,6.5,5,1954,19.622,0,0,0,47
4434,4435,91.88841018,85.71,68.90761151,85.94405798,89.36,3,1,2,7.5,6.5,5,1954,19.622,0,0,0,47
4435,4436,91.61294718,89.79,63.36523122,82.09152062,93.65,3,1,2,7.5,6.5,5,1954,19.622,0,0,0,47
4436,4437,91.89000904,91.86,68.20504278,85.51434354,91.99,3,1,2,7.5,6.5,5,1954,19.622,0,0,0,47
4437,4438,92.0622535,88.27,62.85152257,80.48780348,94.58,3,1,2,7.5,6.5,5,1954,19.622,0,0,0,47
4438,4439,92.67721907,93.4,64.69726779,82.20595762,91.19,3,1,2,7.5,6.5,5,1954,19.622,0,0,0,47
4439,4440,91.96358146,86.61,69.68628149,85.6797792,85.21,3,1,2,7.5,6.5,5,1954,19.622,0,0,0,47
4440,4441,90.26892498,78.07,67.24624644,83.87987112,89.95,3,1,2,7.5,6.5,5,1954,19.622,0,0,0,47
4441,4442,91.64508406,86.75,70.32984176,86.88976051,87.72,3,1,2,7.5,6.5,5,1954,19.622,0,0,0,47
4442,4443,91.88841018,85.14,68.78409322,85.94405798,89.69,3,1,2,7.5,6.5,5,1954,19.622,0,0,0,47
4443,4444,91.59518824,88.02,63.63285475,82.09152062,89.9,3,1,2,7.5,6.5,5,1954,19.622,0,0,0,47
4444,4445,91.56970445,85.36,65.10459069,83.25735918,91.05,3,1,2,7.5,6.5,5,1954,19.622,0,0,0,47
4445,4446,92.1520929,89.14,68.14860834,85.94405798,89.74,3,1,2,7.5,6.5,5,1954,19.622,0,0,0,47
4446,4447,91.45183439,86.61,63.22348248,82.09152062,90.76,3,1,2,7.5,6.5,5,1954,19.622,0,0,0,47
4447,4448,92.05688716,89.03,60.34301272,81.87881257,91.64,3,1,2,7.5,6.5,5,1954,10.045,0,0,0,30
4448,4449,91.22666842,88.39,57.80656357,81.22077071,90.26,3,1,2,7.5,6.5,5,1954,10.045,0,0,0,30
4449,4450,90.66851847,79.62,61.12959208,82.04730349,89.03,3,1,2,7.5,6.5,5,1954,10.045,0,0,0,30
4450,4451,91.63269441,85.14,61.88980336,81.84065941,89.74,3,1,2,7.5,6.5,5,1954,10.045,0,0,0,30
4451,4452,91.80589416,85.21,61.23275288,81.72816778,86.48,3,1,2,7.5,6.5,5,1954,10.045,0,0,0,30
4452,4453,90.77206106,82.72,60.31798394,81.59378863,90.16,3,1,2,7.5,6.5,5,1954,10.045,0,0,0,30
4453,4454,88.34603872,88.68,60.68591119,82.60662292,90.81,3,1,2,7.5,6.5,5,1954,10.045,0,0,0,30
4454,4455,91.49025504,89.58,57.06727211,81.29797529,89.03,3,1,2,7.5,6.5,5,1954,10.045,0,0,0,30
4455,4456,91.57667574,87.08,54.84281052,81.4048904,88.27,3,1,2,7.5,6.5,5,1954,10.045,0,0,0,30
4456,4457,91.20122813,86,59.3300473,81.76345484,92.37,3,1,2,7.5,6.5,5,1954,10.045,0,0,0,30
4457,4458,92.76862609,93.4,64.93209104,81.34902774,87.59,3,1,2,7.5,6.5,5,1954,29.291,0.42,0,0,49
4458,4459,91.86558059,87.65,67.71145549,83.0077853,85.5,3,1,2,7.5,6.5,5,1954,29.291,0.42,0,0,49
4459,4460,91.77574572,85.43,69.22161442,83.86078247,87.9,3,1,2,7.5,6.5,5,1954,29.291,0.42,0,0,49
4460,4461,89.79934922,83.69,69.51862259,84.62674598,90.01,3,1,2,7.5,6.5,5,1954,29.291,0.42,0,0,49
4461,4462,91.99565446,88.85,67.97068715,83.31021724,91.47,3,1,2,7.5,6.5,5,1954,29.291,0.42,0,0,49
4462,4463,92.53166865,90.06,67.29535693,79.95990082,93.65,3,1,2,7.5,6.5,5,1954,29.291,0.42,0,0,49
4463,4464,91.5827792,89.14,63.53532329,80.37363361,92.29,3,1,2,7.5,6.5,5,1954,29.291,0.42,0,0,49
4464,4465,91.95017902,90.11,68.13740464,83.74829084,87.4,3,1,2,7.5,6.5,5,1954,29.291,0.42,0,0,49
4465,4466,90.39664599,76.44,68.29820044,83.95493491,87.53,3,1,2,7.5,6.5,5,1954,29.291,0.42,0,0,49
4466,4467,91.56642039,84.54,65.29507531,81.38523553,90.76,3,1,2,7.5,6.5,5,1954,29.291,0.42,0,0,49
4467,4468,91.7258499,88.02,67.96897342,83.27206408,89.47,3,1,2,7.5,6.5,5,1954,29.291,0.42,0,0,49
4468,4469,92.42380855,89.08,67.44910321,71.90374477,93.75,3,1,2,7.5,6.5,5,1954,29.291,0.42,0,0,49
4469,4470,92.81389313,91.6,69.17727135,83.86272784,87.46,3,1,2,7.5,6.5,5,1954,29.291,0.42,0,0,49
4470,4471,91.84635972,84.92,69.09809614,83.86078247,88.27,3,1,2,7.5,6.5,5,1954,29.291,0.42,0,0,49
4471,4472,92.76968924,90.51,68.92696768,83.74829084,86.81,3,1,2,7.5,6.5,5,1954,29.291,0.42,0,0,49
4472,4473,91.94415993,86,69.28873911,83.89893563,91.82,3,1,2,7.5,6.5,5,1954,29.291,0.42,0,0,49
4473,4474,92.17679677,89.9,68.55414685,83.89893563,90.31,3,1,2,7.5,6.5,5,1954,29.291,0.42,0,0,49
4474,4475,92.31564352,89.36,68.35919856,83.89893563,89.9,3,1,2,7.5,6.5,5,1954,29.291,0.42,0,0,49
4475,4476,91.34817933,87.59,65.93828492,81.35476949,92.37,3,1,2,7.5,6.5,5,1954,29.291,0.42,0,0,49
4476,4477,92.92998261,91.42,68.41878051,80.53160769,93.78,3,1,2,7.5,6.5,5,1954,29.291,0.42,0,0,49
4477,4478,92.54519766,92.45,66.72990202,79.49203322,93.4,3,1,2,7.5,6.5,5,1954,29.291,0.42,0,0,49
4478,4479,92.2923715,92.69,65.81859491,80.91736793,92.2,3,1,2,7.5,6.5,5,1954,29.291,0.42,0,0,49
4479,4480,92.85531839,91.24,68.42243757,84.01337263,91.56,3,1,2,7.5,6.5,5,1954,29.291,0.42,0,0,49
4480,4481,92.69280992,90.86,68.89354753,84.01337263,90.51,3,1,2,7.5,6.5,5,1954,29.291,0.42,0,0,49
4481,4482,92.06762134,90.11,68.19891255,83.89893563,90.76,3,1,2,7.5,6.5,5,1954,29.291,0.42,0,0,49
4482,4483,92.11141242,90.11,67.67522505,83.31021724,92.04,3,1,2,7.5,6.5,5,1954,29.291,0.42,0,0,49
4483,4484,92.80091415,91.28,68.42243757,83.97521948,88.45,3,1,2,7.5,6.5,5,1954,29.291,0.42,0,0,49
4484,4485,92.14853847,89.42,68.55414685,83.89893563,91.28,3,1,2,7.5,6.5,5,1954,29.291,0.42,0,0,49
4485,4486,92.29981494,89.42,68.35919856,83.89893563,91.14,3,1,2,7.5,6.5,5,1954,29.291,0.42,0,0,49
4486,4487,92.72128319,88.56,66.49925854,83.62596712,92.88,3,1,2,7.5,6.5,5,1954,18.109,17.161,0,0,37
4487,4488,94.09412343,92.08,70.92868833,85.25586815,94.52,3,1,2,7.5,6.5,5,1954,18.109,17.161,0,0,37
4488,4489,94.17929553,94.08,62.38404123,80.21022547,93.78,3,1,2,7.5,6.5,5,1954,18.109,17.161,0,0,37
4489,4490,93.69405956,92.41,69.39460276,85.70463313,93,3,1,2,7.5,6.5,5,1954,18.109,17.161,0,0,37
4490,4491,93.59136921,90.71,71.14593432,87.34513189,91.05,3,1,2,7.5,6.5,5,1954,18.109,17.161,0,0,37
4491,4492,93.73370754,90.11,70.76938556,85.72373575,94.11,3,1,2,7.5,6.5,5,1954,18.109,17.161,0,0,37
4492,4493,93.69405956,92.88,69.00783936,85.70463313,93.07,3,1,2,7.5,6.5,5,1954,18.109,17.161,0,0,37
4493,4494,94.10567271,91.86,72.20732689,85.25586815,93.82,3,1,2,7.5,6.5,5,1954,18.109,17.161,0,0,37
4494,4495,89.02520564,91.69,68.27866048,80.67267978,94.9,3,1,2,7.5,6.5,5,1954,18.109,17.161,0,0,37
4495,4496,94.04857652,94.15,62.9057368,80.21022547,93.92,3,1,2,7.5,6.5,5,1954,18.109,17.161,0,0,37
4496,4497,94.09309359,93.4,67.67946998,83.60895559,94.43,3,1,2,7.5,6.5,5,1954,18.109,17.161,0,0,37
4497,4498,93.70771044,93.59,61.90680231,79.99751743,94.72,3,1,2,7.5,6.5,5,1954,18.109,17.161,0,0,37
4498,4499,94.09309359,93.81,62.83072191,80.21022547,94.11,3,1,2,7.5,6.5,5,1954,18.109,17.161,0,0,37
4499,4500,93.70771044,93.61,61.90680231,79.99751743,94.72,3,1,2,7.5,6.5,5,1954,18.109,17.161,0,0,37
4500,4501,94.42575848,94.34,62.67338226,80.21022547,94.58,3,1,2,7.5,6.5,5,1954,18.109,17.161,0,0,37
4501,4502,93.99030676,93.22,67.89558927,85.66006618,89.69,3,1,2,7.5,6.5,5,1954,18.109,17.161,0,0,37
4502,4503,89.0241758,93.11,63.50479763,76.68523127,94.84,3,1,2,7.5,6.5,5,1954,18.109,17.161,0,0,37
4503,4504,93.7823631,94.08,62.38502992,80.21022547,94.7,3,1,2,7.5,6.5,5,1954,18.109,17.161,0,0,37
4504,4505,92.47419138,89.79,47.94262189,80.66191798,93.37,3,1,2,7.5,6.5,5,1954,1.656,1.656,0,0,2
4505,4506,93.46615063,92.92,44.85410294,78.89097508,91.38546475,3,1,2,7.5,6.5,5,1954,1.656,1.656,0,0,2
4506,4507,93.39270771,90.21,45.73884944,78.13758997,89.2098899,3,1,2,7.5,6.5,5,1954,2.244,2.239,0,0,3
4507,4508,92.11151491,84.62,47.37832361,79.45041114,88.52184939,3,1,2,7.5,6.5,5,1954,1.656,1.656,0,0,2
4508,4509,93.73372232,92.41,60.63332391,79.73242802,94.34,3,1,2,7.5,6.5,5,1954,9.924,8,0,0,18
4509,4510,93.93791504,94.02,53.41900208,79.29665901,93.92,3,1,2,7.5,6.5,5,1954,9.924,8,0,0,18
4510,4511,93.43997519,93.44,56.06896181,80.79346103,93.29,3,1,2,7.5,6.5,5,1954,9.924,8,0,0,18
4511,4512,93.42551616,92.37,59.30720978,81.33614516,92.73,3,1,2,7.5,6.5,5,1954,9.924,8,0,0,18
4512,4513,93.13086185,90.68,58.46075003,81.80401275,93.15,3,1,2,7.5,6.5,5,1954,9.924,8,0,0,18
4513,4514,93.55470176,91.28,60.98427694,81.33614516,91.69,3,1,2,7.5,6.5,5,1954,9.924,8,0,0,18
4514,4515,92.96917303,89.36,58.70808688,81.50158082,85.93,3,1,2,7.5,6.5,5,1954,9.924,8,0,0,18
4515,4516,90.83120627,76.75,56.433246,80.42370172,81.78,3,1,2,7.5,6.5,5,1954,9.924,8,0,0,18
4516,4517,89.90358968,74.29,53.88402822,80.86081018,92.49,3,1,2,7.5,6.5,5,1954,9.924,8,0,0,18
4517,4518,93.51568008,92.47,60.24430816,81.91844976,90.16,3,1,2,7.5,6.5,5,1954,9.924,8,0,0,18
4518,4519,93.22205141,90.31,45.91738511,77.64858433,89.08,3,1,2,7.5,6.5,5,1954,3.019,2.994,0,0,4
4519,4520,92.09338819,86.95,48.5365519,79.57211739,90.16,3,1,2,7.5,6.5,5,1954,3.019,2.994,0,0,4
4520,4521,92.14702702,87.59,47.44095561,78.36061055,88.02,3,1,2,7.5,6.5,5,1954,3.019,2.994,0,0,4
4521,4522,90.35944983,63.96,42.87372858,69.91997484,63.96,3,1,2,7.5,6.5,24,1954,0.402,0,0,0,0
4522,4523,93.80595512,90.31,71.33774355,87.28303449,89.03,3,1,2,7.5,6.5,5,1954,26.341,20,0,0,66
4523,4524,93.2995915,85.86,71.0758446,87.28303449,89.63,3,1,2,7.5,6.5,5,1954,26.341,20,0,0,66
4524,4525,93.07454353,84.69,68.82698616,86.22484032,88.09,3,1,2,7.5,6.5,5,1954,26.341,20,0,0,66
4525,4526,92.11297626,88.74,67.70330282,85.63612193,88.68,3,1,2,7.5,6.5,5,1954,26.341,20,0,0,66
4526,4527,93.1534367,86.41,69.45412819,86.22484032,88.33,3,1,2,7.5,6.5,5,1954,26.341,20,0,0,66
4527,4528,93.93613099,91.6,72.52243012,87.39747149,89.08,3,1,2,7.5,6.5,5,1954,26.341,20,0,0,66
4528,4529,93.1534367,87.4,67.72878526,85.63612193,88.27,3,1,2,7.5,6.5,5,1954,26.341,20,0,0,66
4529,4530,93.67699668,89.03,70.85951593,87.32118764,91.51,3,1,2,7.5,6.5,5,1954,26.341,20,0,0,66
4530,4531,94.48808419,92.85,70.65382078,86.85332005,91.69,3,1,2,7.5,6.5,5,1954,26.341,20,0,0,66
4531,4532,93.9727803,91.05,71.70608843,87.43562464,90.41,3,1,2,7.5,6.5,5,1954,26.341,20,0,0,66
4532,4533,93.51642914,89.19,70.2543809,87.28303449,88.97,3,1,2,7.5,6.5,5,1954,26.341,20,0,0,66
4533,4534,93.22720276,87.27,67.39983817,76.86483103,85.57,3,1,2,7.5,6.5,5,1954,26.341,20,0,0,66
4534,4535,93.2995915,86.95,71.30296588,87.28303449,89.63,3,1,2,7.5,6.5,5,1954,26.341,20,0,0,66
4535,4536,93.1534367,87.9,67.52606204,85.63612193,88.74,3,1,2,7.5,6.5,5,1954,26.341,20,0,0,66
4536,4537,93.92725848,90.81,70.86841189,86.85332005,92.37,3,1,2,7.5,6.5,5,1954,26.341,20,0,0,66
4537,4538,89.46918487,93.15,62.42494837,76.77572402,95.22,3,1,2,7.5,6.5,5,1954,26.341,20,0,0,66
4538,4539,92.04984753,95.33,58.72135923,82.27403191,91.37,3,1,2,7.5,6.5,5,1954,26.341,20,0,0,66
4539,4540,93.92725848,90.76,70.86841189,86.85332005,92.61,3,1,2,7.5,6.5,5,1954,26.341,20,0,0,66
4540,4541,94.41893294,92.96,70.4978892,85.3463609,93.92,3,1,2,7.5,6.5,5,1954,26.341,20,0,0,66
4541,4542,94.07325117,93.22,67.8850374,85.78871209,90.66,3,1,2,7.5,6.5,5,1954,26.341,20,0,0,66
4542,4543,93.4763079,89.79,69.45455823,86.26299348,92.04,3,1,2,7.5,6.5,5,1954,26.341,20,0,0,66
4543,4544,94.01402184,91.37,72.52243012,87.39747149,88.02,3,1,2,7.5,6.5,5,1954,26.341,20,0,0,66
4544,4545,92.39209471,89.47,66.87299682,83.71645987,91.91,3,1,2,7.5,6.5,5,1954,26.341,20,0,0,66
4545,4546,93.39119659,87.78,69.85412541,86.26299348,91.6,3,1,2,7.5,6.5,5,1954,26.341,20,0,0,66
4546,4547,93.62263647,88.85,72.36429623,86.83901068,79.52,3,1,2,7.5,6.5,5,1954,26.341,20,0,0,66
4547,4548,92.64263872,82.88,68.29529332,85.79089533,84.23,3,1,2,7.5,6.5,5,1954,26.341,20,0,0,66
4548,4549,89.46615649,84.91470318,48.31137963,80.78893338,92.57,3,1,2,7.5,6.5,5,1954,2.64,2,0,0,6
4549,4550,92.15821429,89.95,47.54093183,80.06112303,91.99,3,1,2,7.5,6.5,5,1954,2.64,2,0,0,6
4550,4551,91.91847774,84.46,47.14303138,78.88776935,91.24,3,1,2,7.5,6.5,5,1954,2.64,2,0,0,6
4551,4552,89.87511933,84.21231465,50.67693452,81.49662934,90.5,3,1,2,7.5,6.5,5,1954,1.214,0,0,0,4
4552,4553,90.97367143,84.09956436,58.6833331,81.38558821,88.12,3,1,6,37,27,5,1954,11.239,0,0,0,13
4553,4554,94.37040869,91.86,63.37620643,82.00246464,91.55780818,2,1,6,37,27,5,1954,11.239,0,0,0,13
4554,4555,94.1046649,92.77,60.71414372,81.20745199,91.8818136,2,1,6,37,27,5,1954,11.239,0,0,0,13
4555,4556,94.15165932,94.58,53.60603634,79.16796585,93.79865379,2,1,6,37,27,5,1954,11.239,0,0,0,13
4556,4557,94.37006533,94.4,53.74233136,79.16796585,93.79865379,2,1,6,37,27,5,1954,11.239,0,0,0,13
4557,4558,94.11835145,94.81,53.67472332,79.16796585,93.79865379,2,1,6,37,27,5,1954,11.239,0,0,0,13
4558,4559,93.31384419,95.22,53.47611476,79.16796585,93.79865379,2,1,6,37,27,5,1954,11.239,0,0,0,13
4559,4560,93.31384419,95.45,53.47611476,79.16796585,93.79865379,2,1,6,37,27,5,1954,11.239,0,0,0,13
4560,4561,93.48101712,93.68,52.75419625,80.77168298,93.48817553,2,1,6,37,27,5,1954,11.239,0,0,0,13
4561,4562,93.42092188,93.29,57.2315265,80.66476787,92.12817236,2,1,6,37,27,5,1954,11.239,0,0,0,13
4562,4563,94.04557507,91.19,62.42476461,82.00246464,91.38880576,2,1,6,37,27,5,1954,11.239,0,0,0,13
4563,4564,91.77390114,81.7,60.86658467,81.39170283,91.12299865,2,1,6,37,27,5,1954,11.239,0,0,0,13
94,95,90.6,75.93763596,59.28012162,72.87435004,81.35,3,1,2,7,6,4,1962,10.467,0,0,0,26
95,96,88.5315048,73.62,60.0064922,71.73091282,73.16,3,1,2,7,6,4,1962,10.467,0,0,0,26
96,97,80.8,68.87,58.77840639,61.69922053,85.86,3,1,2,7,6,4,1962,10.467,0,0,0,26
97,98,85.9,77.06,60.42330059,72.71453965,81.17,3,1,2,7,6,4,1962,10.467,0,0,0,26
98,99,94,75.27,62.93092029,76.03810601,83.53,3,1,2,7,6,4,1962,10.467,0,0,0,26
99,100,94.4,79.14,69.26518299,80.83467996,85.71,3,1,2,7,6,4,1962,10.467,0,0,0,26
100,101,88.9,80.36,67.57594852,80.04182544,85.36,3,1,2,7,6,4,1962,10.467,0,0,0,26
101,102,88.8,76.75,63.33943377,76.17140681,82.47,3,1,2,7,6,4,1962,10.467,0,0,0,26
102,103,92.1,75.38,60.16208773,76.09504738,87.96,3,1,2,7,6,4,1962,10.467,0,0,0,26
103,104,90.7,84.99,66.33500373,78.14739947,85.36,3,1,2,7,6,4,1962,10.467,0,0,0,26
104,105,85.9,77.77,61.65621768,74.6473138,89.69,3,1,2,7,6,4,1962,10.467,0,0,0,26
105,106,92,79.9,57.93527066,75.55236326,87.40018864,3,1,2,8.5,7,4,1962,6.6,0,0,0,5
106,107,92.7,59.16,50.90858788,67.09141933,83.59130194,3,1,2,8.5,7,4,1962,6.6,0,0,0,5
107,108,90.3,60.7,52.63303187,67.19389998,87.40018864,3,1,2,8.5,7,4,1962,6.6,0,0,0,5
108,109,89.4,72.01,57.15907326,74.16472461,86.98050093,3,1,2,8.5,7,4,1962,6.6,0,0,0,5
109,110,72,87.14,59.3237436,49.44131479,83.32956462,3,1,2,8.5,7,4,1962,6.6,0,0,0,5
110,111,92.1,71.07,58.79378084,74.57410793,87.40018864,3,1,2,8.5,7,4,1962,6.6,0,0,0,5
111,112,93,81.26,72.21624459,82.16727041,83.53,3,1,2,8.5,7,4,1962,22.342,0,0,0,50
112,113,92.4,71.3,68.89668213,79.17028299,82.72,3,1,2,8.5,7,4,1962,22.342,0,0,0,50
113,114,93.4,63.7,59.1554332,71.36529279,82.88,3,1,2,8.5,7,4,1962,22.342,0,0,0,50
114,115,94.5,63.02,64.29498468,71.57800084,83.37,3,1,2,8.5,7,4,1962,22.342,0,0,0,50
115,116,93.1,69,64.38805984,72.44670249,81.08,3,1,2,8.5,7,4,1962,22.342,0,0,0,50
116,117,93.3,54.47,62.56079381,71.70559085,85.64,3,1,2,8.5,7,4,1962,22.342,0,0,0,50
117,118,92.9,66.46,60.07502633,73.35858179,90.76,3,1,2,8.5,7,4,1962,22.342,0,0,0,50
118,119,93.4,83.04,75.03712024,83.24937675,89.19,3,1,2,8.5,7,4,1962,22.342,0,0,0,50
119,120,90.7,80.27,72.09941568,83.0056918,91.51,3,1,2,8.5,7,4,1962,22.342,0,0,0,50
120,121,90.9,86.14,69.73777509,81.29964379,88.21,3,1,2,8.5,7,4,1962,22.342,0,0,0,50
121,122,92.7,80.9,69.93657205,81.10432938,87.21,3,1,2,8.5,7,4,1962,22.342,0,0,0,50
122,123,86.1,81.17,60.33672064,76.35926966,85.14,3,1,2,8.5,7,4,1962,22.342,0,0,0,50
123,124,92,75.91,62.56563089,77.25147911,91.42,3,1,2,8.5,7,4,1962,22.342,0,0,0,50
124,125,84.8,79.33,64.45929867,76.55106563,90.01,3,1,2,8.5,7,4,1962,22.342,0,0,0,50
125,126,79.2,82.63,65.7833573,69.15688126,88.27,3,1,2,8.5,7,4,1962,22.342,0,0,0,50
126,127,92,81.08,70.31777311,82.48246003,85.86,3,1,2,8.5,7,4,1962,22.342,0,0,0,50
127,128,91.1,81.87,69.00195871,81.72920235,91.91,3,1,2,8.5,7,4,1962,22.342,0,0,0,50
128,129,90.3,89.14,70.80141448,84.47685217,91.14,3,1,2,8.5,7,4,1962,22.342,0,0,0,50
129,130,90.3,89.74,69.08150458,83.14426172,92.65,3,1,2,8.5,7,4,1962,22.342,0,0,0,50
130,131,84.8,93.54,58.49423592,75.35235732,93.51,3,1,2,8.5,7,4,1962,22.342,0,0,0,50
131,132,87.2,92.73,68.40888731,81.71010256,93.22,3,1,2,8.5,7,4,1962,22.342,0,0,0,50
132,133,89.4,91.99,71.96364419,83.95133612,91.05,3,1,2,8.5,7,4,1962,22.342,0,0,0,50
133,134,88.9,85.86,63.7452156,78.34768777,91.56,3,1,2,7.5,6,4,1962,12.504,0,2,185,26
134,135,82.6,90.11,63.4207652,76.50999436,90.36,3,1,2,7.5,6,4,1962,12.504,0,2,185,26
135,136,89.5,88.74,62.55786471,78.34768777,91.37,3,1,2,7.5,6,4,1962,12.504,0,2,185,26
136,137,92.8,91.14,64.03198829,77.2915529,90.36,3,1,2,7.5,6,4,1962,12.504,0,2,185,26
137,138,91.5,87.59,57.98362792,77.60436091,92.25,3,1,2,7.5,6,4,1962,12.504,0,2,185,26
138,139,93.5,83.53,65.06061852,79.18640051,90.31,3,1,2,7.5,6,4,1962,12.504,0,2,185,26
139,140,76.4,89.47,62.45000863,61.85175805,91.73,3,1,2,7.5,6,4,1962,12.504,0,2,185,26
140,141,79.7,89.79,60.61310111,68.17273454,92.2,3,1,2,7.5,6,4,1962,12.504,0,2,185,26
141,142,95,84.16,63.86501533,76.21335183,93.78,3,1,2,7.5,6,4,1962,12.504,0,2,185,26
142,143,94.5,86.41,66.81062656,79.72967237,90.31,3,1,2,7.5,6,4,1962,12.504,0,2,185,26
143,144,94.1,84.77,65.98596904,79.18640051,89.9,3,1,2,7.5,6,4,1962,12.504,0,2,185,26
144,145,95.1,82.96,64.92695042,79.0167343,92.81,3,1,2,7.5,6,4,1962,12.504,0,2,185,26
145,146,94.3,87.34,67.19559636,79.12963314,81.08,3,1,2,7.5,6,4,1962,12.504,0,2,185,26
146,147,94.2,73.73,63.18504868,75.7658694,78.56,3,1,2,7.5,6,4,1962,3.014,0,0,0,10
147,148,88.2,69.12,54.18207941,67.22416388,94.3,3,1,2,7.5,6,4,1962,3.014,0,0,0,10
148,149,93,52.31,53.60541665,71.13798852,94.3,3,1,2,7.5,6,4,1962,3.014,0,0,0,10
149,150,78.6,80.44407329,59.26767888,63.42308634,87.4,3,1,2,7.5,6,4,1962,3.014,0,0,0,10
150,151,92.7,67.914,44.48903199,75.38216244,82.40508996,3,1,2,7.5,6,4,1962,3.014,0,0,0,10
575,576,80.32701694,63.66895289,26.82392291,52.03145474,63.16,4,3,1,5,4.5,4,1998,28,27.802,0,0,51
576,577,82.39979239,73.84,36.59117448,68.98222955,61.93,4,1,1,5,4.5,4,1998,28,27.802,0,0,51
577,578,68.15620041,43.39,27.92368143,39.93814344,72.94,4,1,1,5,4.5,4,1998,28,27.802,0,0,51
578,579,68.6,60.97,34.01309964,40.09804314,70.47,4,1,1,5,4.5,4,1998,28,27.802,0,0,51
579,580,79.6,69.98,33.9446908,53.10707182,71.54,4,1,1,5,4.5,4,1998,28,27.802,0,0,51
580,581,82.6,66.56,32.63294547,64.1556796,69.86,4,1,1,5,4.5,4,1998,28,27.802,0,0,51
581,582,81.6,67.11,33.29742512,56.77643647,70.83,4,1,1,5,4.5,4,1998,28,27.802,0,0,51
582,583,82,64.71,33.85408156,55.54816549,67.36,4,1,1,5,4.5,4,1998,28,27.802,0,0,51
583,584,75.5,58.88,32.40746391,45.53004351,70.1,4,1,1,5,4.5,4,1998,28,27.802,0,0,51
584,585,73.8,61.52,27.22371646,44.1613818,64.23,4,1,1,5,4.5,4,1998,28,27.802,0,0,51
585,586,76.2,58.4,30.41727455,45.27793562,59.86,4,1,1,5,4.5,4,1998,28,27.802,0,0,51
586,587,74.9,51.22,30.62483192,44.53290243,68.87,4,1,1,5,4.5,4,1998,28,27.802,0,0,51
587,588,78.9,55.53,30.40250157,51.10155759,74.07,4,1,1,5,4.5,4,1998,28,27.802,0,0,51
588,589,81.1,73.16,33.47615585,58.08861004,72.59,4,1,1,5,4.5,4,1998,28,27.802,0,0,51
589,590,83.6,64.71,31.59127982,64.3563206,73.16,4,1,1,5,4.5,4,1998,28,27.802,0,0,51
590,591,84,64.63,32.87470097,63.24941221,61.25,4,1,1,5,4.5,4,1998,28,27.802,0,0,51
591,592,84.2,61.66,33.93586154,64.14864166,63.02,4,1,1,5,4.5,4,1998,28,27.802,0,0,51
592,593,85,70.02,37.36525425,65.46491103,60.84,4,1,1,5,4.5,4,1998,28,27.802,0,0,51
593,594,78.7,63.02,30.2863149,50.42225621,62.07,4,1,1,5,4.5,4,1998,28,27.802,0,0,51
594,595,79.8,63.56,25.65070092,51.48906028,48.54,4,1,1,5,4.5,4,1998,28,27.802,0,0,51
595,596,73.7,57.58,23.23103684,42.0355779,42.08,4,1,1,5,4.5,4,1998,28,27.802,0,0,51
596,597,56.2,35.22,25.99498652,39.96901067,47.82,4,1,1,5,4.5,4,1998,28,27.802,0,0,51
597,598,76.7,56.49,26.78121641,48.03238672,43.93,4,1,1,5,4.5,4,1998,28,27.802,0,0,51
598,599,68.8,44.93,27.08441471,40.08438677,46.37,4,1,1,5,4.5,4,1998,28,27.802,0,0,51
599,600,72.3,52.85,35.18526855,44.28897181,65.16,4,1,1,5,4.5,4,1998,28,27.802,0,0,51
600,601,71.4,48.97,29.82675799,44.99060687,76.75,4,1,1,5,4.5,4,1998,28,27.802,0,0,51
601,602,79.3,67.36,30.48467962,54.09633291,67.11,4,1,1,5,4.5,4,1998,28,27.802,0,0,51
602,603,82.1,71.12,38.39182697,66.28486261,67.87,4,1,1,5,4.5,4,1998,28,27.802,0,0,51
603,604,87.43288834,57.41,62.35296301,71.59516189,75.49,4,1,2,7.5,6,5,1954,34.681,34.681,0,0,109
759,760,89.69434332,71.76953341,63.12907095,77.68684498,81.17,3,1,2,7.5,6.5,5,1965,27.322,25,0,0,67
760,761,89.53910818,63.83,49.10057683,72.74660254,84.23,3,1,2,7.5,6.5,5,1965,27.322,25,0,0,67
761,762,89.89211513,74.62,61.88103933,79.08548469,90.36,3,1,2,7.5,6.5,5,1965,27.322,25,0,0,67
762,763,91.9704155,83.85,67.76563841,83.06944526,89.03,3,1,2,7.5,6.5,5,1965,27.322,25,0,0,67
763,764,93.20950258,83.69,67.62914774,83.10759842,93.65,3,1,2,7.5,6.5,5,1965,27.322,25,0,0,67
764,765,93.58047828,90.66,70.1593083,80.85478269,65.42,3,1,2,7.5,6.5,5,1965,27.322,25,0,0,67
765,766,88.55311426,50.3,55.29987755,68.29829297,93.82,3,1,2,7.5,6.5,5,1965,27.322,25,0,0,67
766,767,92.78574815,89.69,67.42789169,74.6005863,92.57,3,1,2,7.5,6.5,5,1965,27.322,25,0,0,67
767,768,92.55016284,87.2,65.96873644,80.97146485,92.73,3,1,2,7.5,6.5,5,1965,27.322,25,0,0,67
768,769,92.32848081,84.84,67.46199279,83.10759842,91.99,3,1,2,7.5,6.5,5,1965,27.322,25,0,0,67
769,770,92.39288584,83.37,68.19395159,83.7313218,81.52,3,1,2,7.5,6.5,5,1965,27.322,25,0,0,67
770,771,88.98140851,59.44,56.87426173,71.85570264,79.62,3,1,2,7.5,6.5,5,1965,27.322,25,0,0,67
771,772,89.1088676,60.56,54.43540895,72.14236277,83.37,3,1,2,7.5,6.5,5,1965,27.322,25,0,0,67
772,773,88.89159993,71.07,64.08165999,77.86659,85.93,3,1,2,7.5,6.5,5,1965,27.322,25,0,0,67
773,774,89.57989453,73.08,62.4804577,78.9636374,89.42,3,1,2,7.5,6.5,5,1965,27.322,25,0,0,67
774,775,91.80790799,80.72,68.14484616,83.26796002,80.45,3,1,2,7.5,6.5,5,1965,27.322,25,0,0,67
775,776,88.27064969,53.03,54.88044336,72.95339175,89.95,3,1,2,7.5,6.5,5,1965,27.322,25,0,0,67
776,777,90.44517872,77.57,62.29563112,78.90999842,87.59,3,1,2,7.5,6.5,5,1965,27.322,25,0,0,67
777,778,90.66424686,77.87,61.64695344,79.08548469,93.29,3,1,2,7.5,6.5,5,1965,27.322,25,0,0,67
778,779,91.82438098,88.62,67.60084438,83.06944526,89.74,3,1,2,7.5,6.5,5,1965,27.322,25,0,0,67
779,780,91.37691514,81.87,66.94686257,80.83570041,90.26,3,1,2,7.5,6.5,5,1965,27.322,25,0,0,67
780,781,92.18805536,87.78,67.25282232,81.11163005,88.8,3,1,2,7.5,6.5,5,1965,27.322,25,0,0,67
781,782,91.41468489,82.13,66.94686257,80.9114978,88.91,3,1,2,7.5,6.5,5,1965,27.322,25,0,0,67
782,783,90.8032002,76.86,59.99359176,78.75529134,86.07,3,1,2,7.5,6.5,5,1965,27.322,25,0,0,67
783,784,88.43129367,47.53,52.3948848,72.67768908,89.74,3,1,2,7.5,6.5,5,1965,27.322,25,0,0,67
784,785,92.44213569,84.31,67.92887954,83.14260341,82.21,3,1,2,7.5,6.5,5,1965,27.322,25,0,0,67
785,786,89.52493552,65.68,56.09686386,73.42645316,75.59,3,1,2,7.5,6.5,5,1965,27.322,25,0,0,67
786,787,88.65362147,83.04,57.45155125,71.50427581,43.93,3,2,2,8,7,22,1965,0.685,0.685,0,0,0
787,788,84.02171874,55.56768118,20.04739814,47.44951221,36.29,4,1,1,6,4,4,1965,4.014,3.21,1,486,5
788,789,74.20593677,31.86,17.26463774,37.1998081,49.12,4,1,1,6,4,4,1965,4.014,3.21,1,486,5
789,790,80.7,55.62,23.67616877,50.15503963,56.34,4,1,1,6,4,4,1965,4.014,3.21,1,486,5
790,791,80.6,48.68,22.33505213,46.77280951,56.19,4,1,1,6,4,4,1965,4.014,3.21,1,486,5
791,792,76.2,49.98,27.71735145,51.24225406,86.2,4,1,1,4,3.5,22,1965,1.07,1.07,1,302,4
368,369,92.96745833,81.80071595,3.86,5.43,32.24,3,1,2,7.5,6,4,2002,9.962,9.931,0,0,22
369,370,96.1,93.33,22.87,34.79,24.82,3,1,2,7.5,6,4,2002,9.962,9.931,0,0,22
370,371,95.7,92.16,11.93,27.53,50.13,3,1,2,7.5,6,4,2002,9.962,9.931,0,0,22
371,372,96.4,92.96,8.82,52.32,33.26,3,1,2,7.5,6,4,2002,9.962,9.931,0,0,22
372,373,93.2,92.33,9.25,35.31,19.81,3,1,2,7.5,6,4,2002,9.962,9.931,0,0,22
373,374,93.2,92.04,0.39,22.05,11.49,3,1,2,7.5,6,4,2002,9.962,9.931,0,0,22
374,375,94.6,91.95,13.37,12.43,40.54,3,1,2,7.5,6,4,2002,9.962,9.931,0,0,22
375,376,92.9,89.63,5.68,41.91,30.99,3,1,2,7.5,6,4,2002,9.962,9.931,0,0,22
376,377,90.25921845,68.62,3.35,33.36,28.56,3,1,2,7.5,6,4,2002,9.962,9.931,0,0,22
377,378,78.2,36.15,4.05,28.8,26.59,3,1,2,7.5,6,4,2002,9.962,9.931,0,0,22
378,379,79.85951239,26.28,1.52,42.87,13.11,3,1,2,7.5,6,22,2002,2.785,2.785,0,0,27
379,380,87.9,26.93,1.611,4.04,11.43,3,2,2,7.5,6,22,2002,2.785,2.785,0,0,27
380,381,84.1,26.28,5.47,9.58,35.09,3,2,2,7.5,6,22,2002,2.785,2.785,0,0,27
381,382,89.22561825,29.28,3.26,37.31,26.03,3,2,2,7.5,6,22,2002,5.547,5.547,4,3374,8
382,383,91,26.28,4.66,27.58,20.56,3,2,2,7.5,6,22,2002,5.547,5.547,4,3374,8
383,384,93.8,36.96,4,22.19,31.99,3,2,2,7.5,6,22,2002,5.547,5.547,4,3374,8
384,385,96,91.91,1.34,33.82,15.3,3,2,2,7.5,6,22,2002,5.547,5.547,4,3374,8
385,386,95.1,92.37,2.68,17.15,19.17,3,2,2,7.5,6,22,2002,5.547,5.547,4,3374,8
386,387,48.4,93.89,1.65,21.83,12.78,3,2,2,7.5,6,4,2002,0.866,0.82,0,0,8
387,388,41.11972168,94.02,1.25,15.31,79.71,3,2,2,7.5,6,4,2002,2.48,2.448,0,0,3
388,389,21.9,95.17,0.12,31.16,94.95,3,1,2,7.5,6,4,2002,2.48,2.448,0,0,3
389,390,94.7,95,0.06,27.88,81.52,3,1,2,7.5,6,4,2002,2.48,2.448,0,0,3
390,391,94.3,91.24857366,9.62,34.84,84.54,3,1,2,18,13,4,2002,2.661,2.661,0,0,10
391,392,87.29300775,88.02,2.3,55.02,87.08,3,1,2,18,13,4,2002,2.661,2.661,0,0,10
392,393,81.96094261,82.47,15.34,41.15,93.95,3,1,2,18,13,4,2002,2.661,2.661,0,0,10
393,394,65.34663868,87.21,7.28,21.26,85.21,2,1,6,37,27,5,1954,3.63,0,0,0,20
394,395,72.95168362,81.36271889,8.8,29.53,82.63,2,1,6,37,27,5,1954,3.63,0,0,0,20
395,396,83.77953285,81.1054983,10.7,54.51,82.21,2,1,6,37,27,5,1954,3.63,0,0,0,20
396,397,89.67573877,80.71126326,81.69,89.15,90.71,2,1,6,37,27,5,1954,3.63,0,0,0,20
397,398,84.56138832,76.70261595,84.57,92.94,91.64,4,1,1,7,5.5,4,1986,5.332,0,0,0,15
1381,1382,62.01430413,70.10620876,84.11,26.83,82.96,4,1,1,6.5,4.5,4,1999,21.695,20,0,0,4
1382,1383,82.28631717,60.7,85.33,86.51,85.71,4,1,1,6.5,4.5,4,1999,21.695,20,0,0,4
1383,1384,88.41576045,83.92,68.23,87.71,87.65,4,1,1,6.5,4.5,4,1999,21.695,20,0,0,4
1384,1385,88.8165836,84.84,82.45,88.03,86.81,4,1,1,6.5,4.5,4,1999,21.695,20,0,0,4
1385,1386,88.15316375,81.08,82.64,86.87,86.14,4,1,1,6.5,4.5,4,1999,21.695,20,0,0,4
1386,1387,87.123377,84.08,79.44,87.68,81.7,4,1,1,6.5,4.5,4,1999,21.695,20,0,0,4
1387,1388,83.66184939,74.07,77.01,82.28,88.45,4,1,1,6.5,4.5,4,1999,21.695,20,0,0,4
1388,1389,89.11753527,85.57,70.25,88.81,92.88,4,1,1,6.5,4.5,4,1999,21.695,20,0,0,4
1389,1390,89.56586184,89.14,70.89,91.26,90.11,4,1,1,6.5,4.5,4,1999,21.695,20,0,0,4
1390,1391,89.21412873,88.15,79.37,90.36,89.9,4,1,1,6.5,4.5,4,1999,21.695,20,0,0,4
1391,1392,90.02073198,85.86,77.59,90.04,93.61,4,1,1,6.5,4.5,4,1999,21.695,20,0,0,4
1392,1393,89.30362223,90.16,74.11,93.13,92.77,4,1,1,6.5,4.5,4,1999,21.695,20,0,0,4
1393,1394,89.83379612,89.79,64.87,91.35,89.85,4,1,1,6.5,4.5,4,1999,21.695,20,0,0,4
1394,1395,89.10048374,88.39,66.51,90.6,90.21,4,1,1,6.5,4.5,4,1999,21.695,20,0,0,4
1395,1396,90.14172673,86.27,85.98,89.89,91.78,4,1,1,6.5,4.5,4,1999,21.695,20,0,0,4
1396,1397,88.4746318,88.85,80.58,92.13,93.37,4,1,1,6.5,4.5,4,1999,21.695,20,0,0,4
1397,1398,89.16325396,91,82.71,92.25,91.56,4,1,1,6.5,4.5,4,1999,21.695,20,0,0,4
1398,1399,89.01482345,90.95,80.78,92.18,91.14,4,1,1,6.5,4.5,4,1999,21.695,20,0,0,4
1399,1400,90.23470057,90.66,82.31,91.87,86.88,4,1,1,6.5,4.5,4,1999,21.695,20,0,0,4
1400,1401,89.07143995,84.54,84.21,87.95,91.91,4,1,1,6.5,4.5,4,1999,21.695,20,0,0,4
1401,1402,87.63585222,89.74,83.48,92.25,53.75,4,1,1,6.5,4.5,4,1999,21.695,20,0,0,4
1402,1403,66.70980822,39.56,74.13,47.54,67.49,4,1,2,7.5,6.5,5,1999,27.032,26.157,0,0,110
1403,1404,89.35549562,69.96637712,79.96,83.12371672,86,3,1,2,7.5,6.5,5,1999,27.032,26.157,0,0,110
1404,1405,89.26866486,73.36939061,67.05,87.03,88.27,3,1,2,7.5,6.5,5,1999,27.032,26.157,0,0,110
1405,1406,88.08065108,63.87033709,17.67,89.24,81.17,3,1,2,7.5,6.5,5,1999,27.032,26.157,0,0,110
1406,1407,89.66150334,72.8576444,64.87,83.53,84.77,3,1,2,7.5,6.5,5,1999,27.032,26.157,0,0,110
1407,1408,89.06444056,74.34937051,62.97,85.15,93.04,3,1,2,7.5,6.5,5,1999,27.032,26.157,0,0,110
1408,1409,89.24318745,75.10307057,66.6,91.77,91.19,3,1,2,7.5,6.5,5,1999,27.032,26.157,0,0,110
1409,1410,89.86701991,74.79768824,79.1,91.68,88.51,3,1,2,7.5,6.5,5,1999,27.032,26.157,0,0,110
1410,1411,89.49720237,74.59216458,84.15,86.83,87.84,3,1,2,7.5,6.5,5,1999,27.032,26.157,0,0,110
1411,1412,89.64872696,74.54650533,79.27,89.06,88.56,3,1,2,7.5,6.5,5,1999,27.032,26.157,0,0,110
1412,1413,89.76198527,74.41062362,70.4,90.28,85.79,3,1,2,7.5,6.5,5,1999,27.032,26.157,0,0,110
1413,1414,89.53787643,74.62152142,69.35,87.29,86.61,3,1,2,7.5,6.5,5,1999,27.032,26.157,0,0,110
1414,1415,89.41747824,73.12014453,82,87.18,87.59,3,1,2,7.5,6.5,5,1999,27.032,26.157,0,0,110
1415,1416,89.56208891,72.68763885,58.25,86.54,86.81,3,1,2,7.5,6.5,5,1999,27.032,26.157,0,0,110
1416,1417,89.65975051,73.22586236,64.09,87.65,83.61,3,1,2,7.5,6.5,5,1999,27.032,26.157,0,0,110
1417,1418,89.69783809,75.6916189,64.38,85.83,93.54,3,1,2,7.5,6.5,5,1999,27.032,26.157,0,0,110
1418,1419,90.23945004,72.30769095,55.36,93.46,93.29,3,1,2,7.5,6.5,5,1999,27.032,26.157,0,0,110
1419,1420,89.21786785,74.64396544,77.78,91.92,91.64,3,1,2,7.5,6.5,5,1999,27.032,26.157,0,0,110
1420,1421,91.32517231,83.82846744,86.79,93,91.69,3,1,2,7.5,6.5,5,1999,27.032,26.157,0,0,110
1421,1422,89.73743611,75.36673515,84.37,92.53,87.9,3,1,2,7.5,6.5,5,1999,27.032,26.157,0,0,110
1422,1423,90.6317531,78.93596782,87.67,86.66,89.74,3,1,2,7.5,6.5,5,1999,27.032,26.157,0,0,110
1423,1424,86.71479884,65.16543086,70.34,90.18,90.06,3,1,2,7.5,6.5,5,1999,27.032,26.157,0,0,110
1424,1425,89.80516384,73.18213994,77.41,91.61,82.21,3,1,2,7.5,6.5,5,1999,27.032,26.157,0,0,110
1425,1426,89.67929362,75.03670573,85.25,82.78,91.05,3,1,2,7.5,6.5,5,1999,27.032,26.157,0,0,110
1426,1427,87.32466402,65.63791711,73.75,91.95,92.57,3,1,2,7.5,6.5,5,1999,27.032,26.157,0,0,110
1427,1428,88.88060522,74.27240878,74.26,92.53,93.4,3,1,2,7.5,6.5,5,1999,27.032,26.157,0,0,110
1428,1429,89.83822504,75.41022367,80.87,93.29,92.41,3,1,2,7.5,6.5,5,1999,27.032,26.157,0,0,110
1429,1430,87.62196846,74.81188824,82.86,92.62,71.42,3,1,2,7.5,6.5,20,1999,1.376,0.376,0,0,10
1430,1431,83.36454413,59.75842178,87.21,66.78,65.16,3,1,2,7.5,6.5,20,1999,1.376,0.376,0,0,10
1431,1432,88.65041426,78.02500121,86.18,70.8,64.76,3,2,2,8.5,7,20,2008,8.107,7.011,0,0,16
1432,1433,84.39167009,33,22.78,54.3,77.06,3,2,2,8.5,7,20,2008,8.107,7.011,0,0,16
1433,1434,89.28677521,72.48,63.5,77.85,78.76,3,2,2,8.5,7,20,2008,8.107,7.011,0,0,16
1434,1435,89.81929124,73.5,57.42,76.07,80.81,3,2,2,8.5,7,20,2008,8.107,7.011,0,0,16
1435,1436,88.21272774,86.14,69.65,86.65,82.04,3,2,2,8.5,7,20,2008,8.107,7.011,0,0,16
1436,1437,89.52511266,81.96,70.04,82.23,86.07,3,2,2,8.5,7,20,2008,8.107,7.011,0,0,16
1437,1438,88.80486048,85.79,83.16,89.82,81.26,3,2,2,8.5,7,20,2008,8.107,7.011,0,0,16
1438,1439,89.85388801,79.9,67.28,82.64,80.45,3,2,2,8.5,7,20,2008,8.107,7.011,0,0,16
1439,1440,77.67481747,41.94,2.08,45.53941255,88.97,4,1,2,7.5,6.5,5,1962,40.108,39.974,0,0,51
0,1,92.7,86.2,57.22000266,78.2839774,92.41,3,1,2,7.5,6,4,1971,45.6,44.011,1,170,93
1,2,89.9,68.12,49.24416101,71.112173,93,3,1,2,7.5,6,4,1971,45.6,44.011,1,170,93
2,3,79.6,58.71892688,39.35998114,63.31463813,91.95,3,1,2,7.5,6,4,1971,45.6,44.011,1,170,93
3,4,73.9,49.38047133,38.70563111,53.23759128,90.81,3,1,2,7.5,6,4,1971,45.6,44.011,1,170,93
4,5,84.3,60.29597528,42.39935539,58.53911914,93.26,3,1,2,7.5,6,4,1971,45.6,44.011,1,170,93
5,6,72,49.42696978,37.90191217,50.68015896,93.33,3,1,2,7.5,6,4,1971,45.6,44.011,1,170,93
6,7,82.5,60.17568755,43.01280298,61.09655146,92.57,3,1,2,7.5,6,4,1971,45.6,44.011,1,170,93
7,8,73.4,48.52012046,39.09830503,52.61949205,87.65,3,1,2,7.5,6,4,1971,45.6,44.011,1,170,93
8,9,82.2,59.96066899,44.34794416,62.7865207,89.95,3,1,2,7.5,6,4,1971,45.6,44.011,1,170,93
9,10,65.7,47.69879916,37.04906311,51.40318731,85.06,3,1,2,7.5,6,4,1971,45.6,44.011,1,170,93
10,11,70.4,49.40588286,37.69060764,51.89199078,84.92,3,1,2,7.5,6,4,1971,45.6,44.011,1,170,93
11,12,61,52.27733487,42.78409742,51.40318731,82.04,3,1,2,7.5,6,4,1971,45.6,44.011,1,170,93
12,13,32.5,50.36704882,39.25593819,50.00907597,93.18,3,1,2,7.5,6,4,1971,45.6,44.011,1,170,93
13,14,68.5,48.22333232,40.40495756,52.04230207,91,3,1,2,7.5,6,4,1971,45.6,44.011,1,170,93
14,15,77.5,57.43451992,38.43660057,56.98188571,90.66,3,1,2,7.5,6,4,1971,45.6,44.011,1,170,93
15,16,95.1,66.29475373,58.61263413,73.46399436,91.19,3,1,2,7.5,6,4,1971,45.6,44.011,1,170,93
16,17,79.4,58.02900545,40.08265016,63.31463813,91.33,3,1,2,7.5,6,4,1971,45.6,44.011,1,170,93
17,18,80.4,60.01140682,40.76000184,63.31463813,90.46,3,1,2,7.5,6,4,1971,45.6,44.011,1,170,93
18,19,82.6,60.12918909,44.34794416,61.09655146,91.14,3,1,2,7.5,6,4,1971,45.6,44.011,1,170,93
19,20,75.7,49.42696978,38.25316452,54.10804802,92.25,3,1,2,7.5,6,4,1971,45.6,44.011,1,170,93
20,21,78.2,57.55977592,39.01891758,58.17926169,89.63,3,1,2,7.5,6,4,1971,45.6,44.011,1,170,93
21,22,71.8,49.20814019,39.63391516,53.23759128,90.76,3,1,2,7.5,6,4,1971,45.6,44.011,1,170,93
22,23,74.6,49.38047133,38.70563111,53.23759128,90.81,3,1,2,7.5,6,4,1971,45.6,44.011,1,170,93
23,24,71.7,49.02723558,38.46693242,50.68015896,93.54,3,1,2,7.5,6,4,1971,45.6,44.011,1,170,93
24,25,77.9,57.55977592,39.01891758,58.17926169,89.47,3,1,2,7.5,6,4,1971,45.6,44.011,1,170,93
25,26,74.1,49.38047133,38.70563111,53.23759128,90.46,3,1,2,7.5,6,4,1971,45.6,44.011,1,170,93
26,27,10.5,50.32055037,38.73967691,45.43936585,90.56,3,1,2,7.5,6,4,1971,45.6,44.011,1,170,93
27,28,70.4,47.63230576,35.46130123,52.03134911,87.84,3,1,2,7.5,6,4,1971,45.6,44.011,1,170,93
28,29,64,51.59176814,40.10785793,52.95155979,89.08,3,1,2,7.5,6,4,1971,45.6,44.011,1,170,93
29,30,71.7,48.8935452,38.51149332,53.23759128,90.66,3,1,2,7.5,6,4,1971,45.6,44.011,1,170,93
30,31,93.9,68.69184064,59.6121723,76.769767,91.82,3,1,2,7.5,6,4,1971,45.6,44.011,1,170,93
31,32,95.5,57.92267484,59.60039345,68.09861691,88.02,3,1,2,7.5,6,4,1971,45.6,44.011,1,170,93
32,33,94.5,53.78928882,57.26302793,67.42299308,84.62,3,1,2,7.5,6,4,1971,45.6,44.011,1,170,93
33,34,95,47.66552712,59.07350722,68.18224225,79.52,3,1,2,7.5,6,4,1971,45.6,44.011,1,170,93
34,35,95.7,47.23893078,59.27440589,68.18224225,79.14,3,1,2,7.5,6,4,1971,45.6,44.011,1,170,93
35,36,94.5,46.52,58.91965056,68.18224225,80.36,3,1,2,7.5,6,4,1971,45.6,44.011,1,170,93
36,37,95.7,38.23,53.02869844,68.46976767,80.63,3,1,2,7.5,6,4,1971,45.6,44.011,1,170,93
37,38,95.7,49.82,62.37280171,66.63063716,58.32,3,1,2,7.5,6,4,1971,45.6,44.011,1,170,93
38,39,94.7,27.14,56.20096881,60.48946062,18.55,3,1,2,7.5,6,4,1971,45.6,44.011,1,170,93
39,40,95.4,30.56,53.83752906,60.59637574,15.75,3,1,2,7.5,6,4,1971,45.6,44.011,1,170,93
40,41,95.9,28.2,56.03075625,61.39088005,20.84,3,1,2,7.5,6,4,1971,45.6,44.011,1,170,93
41,42,95.8,27.44,56.02379355,61.39088005,30.37,3,1,2,7.5,6,4,1971,45.6,44.011,1,170,93
42,43,95.3,36.97,55.83421246,64.76259528,49.99,3,1,2,7.5,6,4,1971,45.6,44.011,1,170,93
43,44,95.8,57.93,65.16228544,64.65082225,66.33,3,1,2,7.5,6,4,1971,45.6,44.011,1,170,93
44,45,95,57.15,58.71792815,61.54911514,39.42,3,1,2,7.5,6,4,1971,45.6,44.011,1,170,93
0,1,91.59467425,83.55889637,46.05830673,77.07511042,92.77,3,1,2,7.5,6.5,5,1978,15.012,14.932,0,0,20
1,2,90.2145996,80.86126765,52.80650336,77.77161862,92.37,3,1,2,7.5,6.5,5,1978,15.012,14.932,0,0,20
2,3,92.9572114,84.77062775,50.77540336,78.96049032,93.07,3,1,2,7.5,6.5,5,1978,15.012,14.932,0,0,20
3,4,92.98029105,84.77062775,50.77540336,78.96049032,93.07,3,1,2,7.5,6.5,5,1978,15.012,14.932,0,0,20
4,5,92.98029105,84.63927668,50.83842823,78.96049032,92.88,3,1,2,7.5,6.5,5,1978,15.012,14.932,0,0,20
5,6,88.58983801,79.44696261,52.49521339,77.77161862,92.2,3,1,2,7.5,6.5,5,1978,15.012,14.932,0,0,20
6,7,75.80779432,63.05101854,28.7590963,51.37270095,90.01,3,1,2,7.5,6.5,5,1978,15.012,14.932,0,0,20
7,8,85.63517752,72.13752351,40.99761074,74.1028728,90.81,3,1,2,7.5,6.5,5,1978,15.012,14.932,0,0,20
8,9,86.10867464,72.52094823,35.55917724,72.73400537,90.26,3,1,2,7.5,6.5,5,1978,15.012,14.932,0,0,20
9,10,87.7095651,79.29620166,53.30461708,77.59071459,91.28,3,1,2,7.5,6.5,5,1978,15.012,14.932,0,0,20
10,11,86.03756366,72.52094823,40.19430813,74.96259968,90.41,3,1,2,7.5,6.5,5,1978,15.012,14.932,0,0,20
11,12,86.21151793,71.98855971,40.94166307,73.36683583,89.69,3,1,2,7.5,6.5,5,1978,15.012,14.932,0,0,20
12,13,78.70792146,64.42838965,30.2947861,54.05133516,93.29,3,1,2,7.5,6.5,5,1978,15.012,14.932,0,0,20
13,14,80.21467622,67.56017101,31.34353014,58.09681816,93.33,3,1,2,7.5,6.5,5,1978,15.012,14.932,0,0,20
14,15,88.85681273,80.57439506,53.85520828,77.77161862,92.12,3,1,2,7.5,6.5,5,1978,15.012,14.932,0,0,20
15,16,86.93262126,79.41156693,50.6793055,77.51224316,90.66,3,1,2,7.5,6.5,5,1978,20.662,20.594,0,0,24
16,17,89.00951277,80.80892929,51.43711165,77.56210974,92.49,3,1,2,7.5,6.5,5,1978,20.662,20.594,0,0,24
17,18,88.79441207,80.80892929,52.50422803,77.56210974,92.16,3,1,2,7.5,6.5,5,1978,20.662,20.594,0,0,24
18,19,80.39088815,67.69036209,23.42663453,50.69123751,90.56,3,1,2,7.5,6.5,5,1978,20.662,20.594,0,0,24
19,20,74.7166717,63.41448588,17.69380913,40.6833737,90.01,3,1,2,7.5,6.5,5,1978,20.662,20.594,0,0,24
20,21,85.41418404,72.6477837,30.15441872,66.47312363,90.46,3,1,2,7.5,6.5,5,1978,20.662,20.594,0,0,24
21,22,84.11469801,70.04116394,29.76752694,61.14034979,90.41,3,1,2,7.5,6.5,5,1978,20.662,20.594,0,0,24
22,23,74.28567072,64.51729313,19.51801201,43.68302463,92.04,3,1,2,7.5,6.5,5,1978,20.662,20.594,0,0,24
23,24,88.23956855,77.59705795,49.33959349,76.86582229,89.74,3,1,2,7.5,6.5,5,1978,20.662,20.594,0,0,24
24,25,84.34503845,70.0876624,29.04485792,61.14034979,91.91,3,1,2,7.5,6.5,5,1978,20.662,20.594,0,0,24
25,26,81.26426708,69.54068686,26.46536771,56.45836772,91.24,3,1,2,7.5,6.5,5,1978,20.662,20.594,0,0,24
26,27,65.05779041,65.05126174,21.79098773,42.68078061,92.12,3,1,2,7.5,6.5,5,1978,20.662,20.594,0,0,24
27,28,86.21275443,72.93859465,38.54467297,74.7530908,91.56,3,1,2,7.5,6.5,5,1978,20.662,20.594,0,0,24
28,29,85.90561356,73.01131251,31.0689033,67.29429177,92.61,3,1,2,7.5,6.5,5,1978,20.662,20.594,0,0,24
29,30,82.62462701,69.27228987,24.76489424,51.14718453,90.06,3,1,2,7.5,6.5,5,1978,20.662,20.594,0,0,24
30,31,90.3271874,80.5742492,57.75124305,77.45519463,90.31,3,1,2,7.5,6.5,5,1978,20.662,20.594,0,0,24
31,32,90.93672777,81.01749643,55.27578984,75.53683578,92.57,3,1,2,7.5,6.5,5,1978,20.662,20.594,0,0,24
32,33,91.4530751,82.56948959,51.96682293,78.58131523,91.42,3,1,2,7.5,6.5,5,1978,20.662,20.594,0,0,24
33,34,91.12684381,81.48139869,56.58811426,75.53683578,91.37,3,1,2,7.5,6.5,5,1978,20.662,20.594,0,0,24
34,35,90.61569439,80.81053873,56.98440339,77.45519463,90.41,3,1,2,7.5,6.5,5,1978,20.662,20.594,0,0,24
35,36,90.7713878,77.29712033,48.82851698,77.81043704,91.47,3,1,2,7.5,6.5,5,1978,27.123,26.887,0,0,49
36,37,89.89271486,77.30176278,51.05635261,77.50478643,90.81,3,1,2,7.5,6.5,5,1978,27.123,26.887,0,0,49
37,38,90.01294875,77.42097909,48.66941962,77.50478643,92.33,3,1,2,7.5,6.5,5,1978,27.123,26.887,0,0,49
38,39,89.92596924,76.1299662,46.84072982,75.89596158,87.65,3,1,2,7.5,6.5,5,1978,27.123,26.887,0,0,49
39,40,90.21576342,76.2167525,46.60907737,75.18393536,89.53,3,1,2,7.5,6.5,5,1978,27.123,26.887,0,0,49
40,41,89.57530432,77.37456853,49.4544868,77.50478643,90.21,3,1,2,7.5,6.5,5,1978,27.123,26.887,0,0,49
41,42,89.67882656,77.58152622,49.14237078,77.50478643,92.49,3,1,2,7.5,6.5,5,1978,27.123,26.887,0,0,49
42,43,89.5477317,77.58152622,48.88371887,77.50478643,92.53,3,1,2,7.5,6.5,5,1978,27.123,26.887,0,0,49
43,44,90.08466856,76.2167525,47.05873508,76.33143275,89.9,3,1,2,7.5,6.5,5,1978,27.123,26.887,0,0,49
44,45,84.69926738,67.8515245,27.14858386,59.28357899,90.61,3,1,2,7.5,6.5,5,1978,27.123,26.887,0,0,49
45,46,89.51567762,76.29051333,47.11873292,75.89596158,88.56,3,1,2,7.5,6.5,5,1978,27.123,26.887,0,0,49
46,47,88.76769664,75.22029329,46.00902529,76.32677603,89.03,3,1,2,7.5,6.5,5,1978,27.123,26.887,0,0,49
47,48,88.97660238,75.54003216,45.76313769,76.32677603,88.8,3,1,2,7.5,6.5,5,1978,27.123,26.887,0,0,49
48,49,89.14546241,76.50719913,46.25422021,75.61940653,91.6,3,1,2,7.5,6.5,5,1978,27.123,26.887,0,0,49
49,50,88.93220062,75.54003216,45.76313769,76.32677603,89.08,3,1,2,7.5,6.5,5,1978,27.123,26.887,0,0,49
50,51,88.59979001,75.45248454,41.61905665,75.34907306,92.25,3,1,2,7.5,6.5,5,1978,27.123,26.887,0,0,49
51,52,88.59979001,75.45248454,41.20900933,75.34907306,92.41,3,1,2,7.5,6.5,5,1978,27.123,26.887,0,0,49
52,53,89.05937508,76.46070068,46.47764401,75.61940653,91.33,3,1,2,7.5,6.5,5,1978,27.123,26.887,0,0,49
53,54,89.04524671,75.54003216,45.22581503,76.76224719,89.95,3,1,2,7.5,6.5,5,1978,27.123,26.887,0,0,49
54,55,89.03832565,73.31925953,45.8804117,76.27502313,85.06,3,1,2,7.5,6.5,5,1978,27.123,26.887,0,0,49
55,56,88.75545253,75.45324586,46.59892991,76.32677603,87.46,3,1,2,7.5,6.5,5,1978,27.123,26.887,0,0,49
56,57,88.97285797,73.31925953,46.41445058,76.27502313,85.79,3,1,2,7.5,6.5,5,1978,27.123,26.887,0,0,49
57,58,88.52027054,75.10366591,39.23009035,75.34907306,92.73,3,1,2,7.5,6.5,5,1978,27.123,26.887,0,0,49
58,59,88.50509517,73.56564631,43.85139663,76.58988047,90.21,3,1,2,7.5,6.5,5,1978,27.123,26.887,0,0,49
59,60,88.14035083,74.79094469,42.17148029,75.34907306,90.46,3,1,2,7.5,6.5,5,1978,27.123,26.887,0,0,49
60,61,88.75545253,75.22029329,44.61260449,72.49750282,88.62,3,1,2,7.5,6.5,5,1978,27.123,26.887,0,0,49
61,62,89.04524671,75.54003216,43.69881109,73.68533633,89.85,3,1,2,7.5,6.5,5,1978,27.123,26.887,0,0,49
62,63,90.55857638,71.88876554,53.26001772,74.7817662,79.52,3,1,2,8.5,7,5,2000,0.37,0,0,0,1
63,64,81.98417909,51.88356153,33.0220836,42.39270255,73.28,4,2,1,8,5,20,1978,9.455,9,0,0,46
64,65,79.30925849,53.03,29.93410796,35.7037114,54.33,4,2,1,8,5,20,1978,9.455,9,0,0,46
65,66,76.23530948,27.05,29.05958427,29.97359091,44.79,4,2,1,8,5,20,1978,9.455,9,0,0,46
66,67,78.46404545,36.82,26.08886344,31.32330692,59.44,4,2,1,8,5,20,1978,9.455,9,0,0,46
67,68,54.96586319,26.28,30.8586629,30.78557904,47.53,4,2,1,8,5,20,1978,9.455,9,0,0,46
68,69,76.93194398,35.35,28.03014572,35.04122949,46.95,4,2,1,8,5,20,1978,9.455,9,0,0,46
69,70,77.34849371,26.93,31.56759155,33.8926587,51.44,4,2,1,8,5,20,1978,9.455,9,0,0,46
70,71,77.02175949,37.09,22.79978964,24.89990404,42.36,4,2,1,8,5,20,1978,9.455,9,0,0,46
71,72,77.98962199,38.73,27.96757967,35.03988576,67.87,4,2,1,8,5,20,1978,9.455,9,0,0,46
72,73,82.25432377,76.34,44.18321573,70.78503011,84.31,4,2,1,4.5,3.5,0,1900,17.174,0,0,0,0
125,126,88.68278126,82.67811494,65.94192361,79.38493139,90.61,3,1,2,7.5,6.5,4,1900,10.766,0,0,0,15
126,127,92,86.27,66.81357228,79.41660587,87.4,3,1,2,7.5,6.5,4,1900,10.766,0,0,0,15
127,128,91.1,85.93,63.85189107,76.82300632,84.69,3,1,2,7.5,6.5,4,1900,10.766,0,0,0,15
128,129,90.3,83.85,64.95104479,79.28154815,88.56,3,1,2,7.5,6.5,4,1900,10.766,0,0,0,15
129,130,90.3,84.31,59.2836513,77.3173675,83.13,3,1,2,7.5,6.5,4,1900,10.766,0,0,0,15
130,131,84.8,78.85,56.98887254,73.72976557,85.36,3,1,2,7.5,6.5,4,1900,10.766,0,0,0,15
131,132,87.2,79.52,64.46138314,77.0198183,88.62,3,1,2,7.5,6.5,4,1900,10.766,0,0,0,15
132,133,89.4,82.55,63.69219104,77.63005876,86.61,3,1,2,7.5,6.5,4,1900,10.766,0,0,0,15
133,134,88.9,85.64,65.55672346,79.28154815,88.51,3,1,2,7.5,6.5,4,1900,10.766,0,0,0,15
134,135,82.6,83.77,57.36347742,75.75460219,91.37,3,1,2,7.5,6.5,4,1900,10.766,0,0,0,15
135,136,89.5,81.61,64.81110082,69.83676908,87.7577503,3,1,2,7.5,6.5,4,1900,10.766,0,0,0,15